,Sentinel-2,,,Modis,,,Temperature-Celsius,,,Precipitation-mm,,
week_start,snow_km2 - above 1200,snow_km2 - between 1200 - 1800,snow_km2 - above 1800,snow_km2 - above 1200,snow_km2 - between 1200 - 1800,snow_km2 - above 1800,Temp- 1200,Temp-1200-1800,Temp-1800,precipitation-1200,precipitation-1200-1800,precipitation-1800
01/10/2016,0,0,0,0,0,0,21.55524133,18.92267723,16.90063696,1.509897396,0.905635894,1.445756874
08/10/2016,0,0,0,0.012,0,0,20.75631131,18.13326995,16.06664512,4.338199341,5.189557857,5.453085127
15/10/2016,0,0,0,0,0,0,19.11294656,16.29739278,14.29842438,8.095914794,5.748534774,9.294732547
22/10/2016,0,0,0,0.319,2,0.428,18.58097367,15.52727249,13.27790686,98.32805688,149.9597844,166.8631627
29/10/2016,0,0,0,13.756,9.002,5.097,15.7558068,12.21013624,10.03367962,309.8818154,237.9029424,176.0646099
05/11/2016,0,0,0,0.598,0.357,0.047,15.37382425,12.3621018,10.60984648,6.530988564,7.462474448,6.191659517
12/11/2016,0,0,0,0.938,0.204,0.216,15.41298684,12.74611863,11.12820265,27.45592797,19.23234648,13.55640923
19/11/2016,0,0,0,0.953,0.095,0,12.13423187,8.283599278,6.433315633,0.329386629,0.640266854,0.689458963
26/11/2016,0,0,0,150.354,96.933,80.99,10.11719601,6.281987217,4.303367653,731.9398443,573.5285239,456.8984195
03/12/2016,0,0,0,5.855,100.781,831.774,8.684908536,4.791129933,2.705656114,84.62730673,98.44579916,103.7007392
10/12/2016,0,0,0,142.749,337.897,714.53,7.363884014,3.471221317,1.490034005,723.0654853,588.4501551,516.46744
17/12/2016,0,0,0,109.249,589.757,919.036,5.039172422,0.857592163,-1.706041415,321.1846017,356.2461921,368.2848033
24/12/2016,0,0,0,103.019,686.439,874.752,6.279637652,2.226122016,0.055608784,438.1206194,317.4604087,247.6929533
31/12/2016,0,0,0,96.468,621.182,833.634,5.479696426,1.360671529,-0.886482993,259.2785592,195.101428,156.6945205
07/01/2017,161.5955837,111.7335389,49.86204484,377.093,930.202,866.172,5.455933591,1.126709805,-0.675758864,324.0903835,266.2518804,195.9091634
14/01/2017,0,0,0,10.659,380.059,819.545,7.12235351,3.544963308,1.769992027,113.0254987,127.0826172,121.7022434
21/01/2017,0,0,0,49.852,264.477,736.394,6.418745305,2.638828634,0.710492686,366.8340935,319.3659073,272.6362806
28/01/2017,0,0,0,665.553,"1,378.34",859.017,0.694306844,-4.063885087,-6.099735436,226.2366769,227.8460284,220.9232913
04/02/2017,1.032866249,0,1.032866249,59.795,830.421,884.879,7.27921103,3.391646106,1.200470078,6.737331069,8.299287298,9.256102727
11/02/2017,0,0,0,35.354,422.481,798.951,4.467611593,0.404031982,-2.098480635,349.0437193,350.0802238,344.1523349
18/02/2017,0,0,0,2.061,342.412,743.899,6.594197859,3.213078944,1.230531625,0.857319436,0.601379488,0.745127935
25/02/2017,0,0,0,1.397,187.557,649.199,10.75352181,7.401696461,5.24197095,291.5380457,265.7551242,210.3458999
04/03/2017,0,0,0,0.109,107.299,570.674,10.84177398,7.525414683,5.452611022,46.26284946,44.93012962,53.41954407
11/03/2017,0,0,0,45.364,21.233,268.555,8.707267939,5.021163867,2.897503032,599.1050176,542.2248924,479.4554139
18/03/2017,0,0,0,2.302,11.236,418.754,10.41752932,7.26771073,5.184229036,87.45732824,122.0998763,128.6645572
25/03/2017,0,0,0,1.15,6.281,283.631,11.71868862,8.668610081,6.459810021,64.25504128,94.27299056,114.4821281
01/04/2017,383.7417876,97.14646423,286.5953234,1.323,0.761,188.484,12.61315961,9.268812754,7.126741974,178.4329052,147.6620914,142.8143508
08/04/2017,4.684242526,0,4.684242526,0.425,0.648,79.499,13.67132526,10.51784182,8.684647266,231.5156106,299.7316302,281.5536175
15/04/2017,81.04067012,0.704891572,80.33577855,0.104,0.039,62.946,14.32742306,11.54326269,9.358766121,64.78248184,74.44688702,85.34518961
22/04/2017,0,0,0,0,0.002,38.505,16.29432313,13.69166607,11.86340679,12.27140136,16.20973896,19.59742727
29/04/2017,60.70608717,20.22077558,40.48531159,0.058,0.362,24.702,16.96666862,14.49470551,12.23154186,86.22346377,119.3742226,142.0414515
06/05/2017,19.75902226,0,19.75902226,0,0,11.982,19.46562826,17.12572968,15.11053794,5.164413037,4.307122125,7.055658632
13/05/2017,5.315612122,1.513596389,3.802015734,0,0,4.806,21.00388387,19.16353403,17.25390156,29.301405,39.45688367,54.45379701
20/05/2017,10.80076315,0,10.80076315,0,0.004,1.995,16.46536977,13.45226519,11.59689008,147.3097879,143.8136996,105.7262288
27/05/2017,0.23802088,0.134990653,0.103030227,0,0.003,0.031,19.15051363,16.57755772,14.54311166,4.221936422,2.604248624,5.325768599
03/06/2017,0,0,0,0,0,0,22.87203196,21.17762044,19.3995059,5.013800728,6.845749081,11.26638603
10/06/2017,0,0,0,0.011,0,0.159,21.68983633,19.95480311,18.35921606,7.035737568,9.37165839,11.02847804
17/06/2017,1.075891639,0.067385907,1.008505732,0.07,0,0,21.22826144,18.74200983,17.08174591,12.12883598,8.113456545,11.32254369
24/06/2017,0,0,0,0,0,0,25.15149798,23.68804855,22.02908588,0.207331894,0.06954661,0.066938712
01/07/2017,0,0,0,0,0,0,27.14619664,25.9748483,24.23173961,2.257600778,0.544346738,0.344647932
08/07/2017,0,0,0,0,0,0,26.26190742,24.36711537,22.46363692,0.405279227,0.300746451,0.377007192
15/07/2017,1.249110288,0.129990982,1.119119306,0,0,0,26.22789452,24.93916148,23.4365424,1.041477262,1.276941065,1.618693249
22/07/2017,0,0,0,0,0.006,0,26.37612657,24.95217831,23.3962434,0.794758686,0.104502293,0.082746802
29/07/2017,0,0,0,0,0,0,25.14587244,23.59585774,22.32278634,1.850732333,1.161109946,2.345583595
05/08/2017,0,0,0,0,0,0,25.68317601,24.55390938,23.24534849,2.863671269,1.662678278,1.811644932
12/08/2017,0,0,0,0,0,0,24.93837154,23.07141729,21.58097315,5.392987771,5.936800882,8.27826095
19/08/2017,0,0,0,0.035,0.02,0.006,24.40008663,22.72520359,21.60817944,3.094642517,1.079870616,1.20604548
26/08/2017,0.547895164,0.547895164,0,0.033,0,0,23.69922976,21.94249615,20.64335381,2.190369844,2.426994868,2.8097226
02/09/2017,0,0,0,0,0,0,25.05571589,23.29807731,21.6272758,1.907113814,3.295933864,3.970478762
09/09/2017,0,0,0,0,0.009,0,26.11402167,24.60694044,22.84437926,8.239418989,2.789381137,1.277072623
16/09/2017,0,0,0,0,0,0,23.11586644,21.340582,19.73643389,12.95237003,10.67935167,8.037374354
23/09/2017,0,0,0,0,0,0,20.86671543,18.77280281,17.34618357,10.04358322,12.71881496,15.23502822
30/09/2017,0,0,0,0,0.139,0.007,20.04815821,16.93236569,14.76597156,17.67059832,6.749287503,7.718580001
07/10/2017,0,0,0,3.594,4.557,10.474,18.19873452,15.11222602,13.06829721,150.5517404,95.29909661,82.50459793
14/10/2017,0,0,0,0.499,0.4,0.196,18.30135012,15.09010619,12.73503,104.2620714,94.68775348,74.78160796
21/10/2017,0,0,0,0.006,0,0,18.18662464,15.3996128,13.36132417,10.89420695,8.442394169,9.363731186
28/10/2017,20.5093023,20.5093023,0,29.805,1.461,0.604,14.99071028,11.54846823,9.632968648,388.4476639,268.1634884,219.8908308
04/11/2017,0,0,0,0.484,0.672,0.131,14.22867355,10.94392513,8.85470703,63.40203552,43.65537416,50.55276823
11/11/2017,0,0,0,0.003,0,0,15.06929098,11.94526023,10.10114166,1.639234446,0.507897338,0.499430751
18/11/2017,0,0,0,27.617,10.177,69.605,11.85875891,8.214656853,6.056211719,345.9420886,268.2446988,260.5574386
25/11/2017,184.1997126,0.309311375,183.8904013,51.129,1.599,130.422,11.22526454,7.508950236,5.397942683,81.38830839,57.10284543,50.82788848
02/12/2017,1123.075177,574.0606472,549.01453,28.205,160.297,298.505,10.58674306,7.403819692,5.755394097,336.0419733,373.670389,345.4033621
09/12/2017,0,0,0,1.202,115.219,537.248,10.56408441,7.559680388,5.997491249,5.222485632,2.688173769,1.127011973
16/12/2017,632.5158645,303.6603085,328.855556,11.271,17.788,159.999,13.32382402,10.69664078,8.955819024,5.401476463,6.100544131,7.877861435
23/12/2017,19.82435067,2.10793498,17.71641569,34.504,236.69,484.784,10.34741824,7.151963968,5.591900868,423.4100257,328.7187646,282.9536048
30/12/2017,20.03008682,6.454187984,13.57589884,262.539,83.373,92.801,8.645132503,5.073440728,3.170839171,426.3748951,395.652176,339.7473946
06/01/2018,392.6643373,77.31673489,315.3476024,6.132,87.363,495.892,8.988493179,5.952275159,4.613299991,42.66681024,47.27291759,37.31279599
13/01/2018,746.8383529,37.25722459,709.5811283,126.517,42.625,311.576,7.52582605,3.624402823,1.596441663,662.3386504,534.3621984,408.1303608
20/01/2018,1485.797989,742.8948318,742.9031576,102.595,"1,010.42",838.938,7.287054123,3.374124295,1.409488926,759.4929366,649.1842406,541.3642643
27/01/2018,1343.004459,297.4366985,1045.56776,11.737,219.237,807.406,6.943543266,3.429397102,1.571013367,31.16652868,24.72274221,20.56998241
03/02/2018,0,0,0,1.589,74.176,556.867,12.9125184,10.66219391,8.912307055,7.341640572,8.490989192,9.88718142
10/02/2018,0,0,0,1.473,8.413,368.317,11.11582891,7.801441589,5.945998164,324.6521939,293.0417424,230.3294223
17/02/2018,10.39224634,0,10.39224634,10.631,196.779,851.326,9.445359615,5.954989218,3.816306687,632.3679555,578.1414616,548.8812583
24/02/2018,359.6583993,2.681754094,356.9766452,6.376,6.758,399.646,9.635093156,6.054121952,3.865765275,312.1245401,292.1401518,255.2774526
03/03/2018,257.993167,0,257.993167,0.473,0.859,218.915,13.91181551,11.09817947,9.124980741,14.72288786,12.83517027,10.6211273
10/03/2018,187.915095,0,187.915095,1.466,0.028,125.009,11.38166591,8.536936518,6.818538969,66.60133439,59.50858742,47.69843453
17/03/2018,139.7706573,0,139.7706573,0.198,0,84.921,15.75225147,13.16183539,11.37683054,3.172818917,2.885586117,2.45080182
24/03/2018,76.99364557,0,76.99364557,0.246,0.089,58.788,14.05008653,11.22591672,9.546103721,276.1108855,259.9461549,197.3651653
31/03/2018,135.7876016,50.54109007,85.2465115,0.192,0.004,52.534,14.72197101,12.2637071,10.53428679,7.213272193,5.793079746,3.7548943
07/04/2018,13.35354732,2.422485574,10.93106175,0.21,0.934,23.255,13.946174,11.27593941,9.080336089,194.8326162,222.2670287,277.8552417
14/04/2018,28.44816679,0,28.44816679,0,0,12.493,17.52800113,15.19685795,13.05808378,1.263497527,0.904959734,0.936134062
21/04/2018,11.59268649,3.063010188,8.529676302,0.296,0.319,7.404,15.34905173,12.3885261,10.30467266,257.3259132,206.2815456,221.2095849
28/04/2018,30.85748222,13.70816777,17.14931445,0.442,3.396,8.44,19.50394678,15.85703511,13.34447384,129.5611415,198.0744914,208.1154979
05/05/2018,266.2352201,222.5153918,43.71982832,2.311,0,5.351,17.13043581,14.06077206,11.88897852,414.644299,399.4388047,379.2804897
12/05/2018,0.257562051,0,0.257562051,1.049,0.082,0.112,18.69466093,15.66819237,13.43925425,89.34184408,67.52876651,56.28521706
19/05/2018,0,0,0,0.048,0,0,23.75979311,21.37815091,18.91340046,14.25285068,28.1670312,38.29920891
26/05/2018,24.81962759,16.34729243,8.472335168,0.304,0.427,0.636,19.85101987,17.29329643,15.02924202,306.4330414,309.6699557,384.7833401
02/06/2018,0,0,0,0.275,1.418,1.899,21.48745303,19.09767079,16.76246889,52.31980449,71.70975678,90.10523906
09/06/2018,0,0,0,0.199,0.248,0.194,21.37402476,18.95327068,17.0453408,128.2456949,162.2676105,155.2472086
16/06/2018,0.205502047,0.205502047,0,0.036,0.058,0.139,21.7973574,19.19157644,17.41760517,12.04226308,7.052862711,12.66031839
23/06/2018,0,0,0,0,0,0,22.88084537,21.02083225,19.63586027,1.568766397,0.291598852,0.152590514
30/06/2018,0,0,0,0,0,0,23.87524265,22.61466589,21.41041924,1.223015254,0.364290242,0.280785945
07/07/2018,0,0,0,0,0,0,24.17861142,22.538673,21.34220847,0.594890567,0.085867046,0.073294551
14/07/2018,0,0,0,0,0.066,0,24.69748581,22.40443719,20.62427815,2.344217794,0.094228157,0.068642796
21/07/2018,0,0,0,0,0.046,0.011,24.7560073,22.39950705,20.7588428,6.435283647,1.285729312,1.133521496
28/07/2018,0,0,0,0.032,0.464,0.071,23.39080553,21.04446773,19.99369245,10.31387982,1.915815485,0.929787723
04/08/2018,0,0,0,0,0,0,24.59736154,22.42658212,20.89866785,3.172232317,1.387417817,1.703864255
11/08/2018,0,0,0,0,0,0,24.47165217,22.25644556,20.73026151,2.432101377,0.075126681,0.057201522
18/08/2018,0,0,0,0,0,0,24.39956727,22.64304804,21.22705886,2.904094233,1.743852573,0.998672175
25/08/2018,0,0,0,0,0,0,24.43446145,22.87825144,21.72378357,10.95351373,6.365927693,5.610926508
01/09/2018,0,0,0,0,0,0,24.73929434,22.7081653,21.18129757,7.813745097,2.387528628,1.288676285
08/09/2018,1.652973695,1.652973695,0,3.534,0.091,0,22.74531824,20.21574833,18.33284167,41.79962488,38.21386281,44.79744013
15/09/2018,0,0,0,0,0.025,0.003,22.7752786,20.49630786,18.63870779,16.77001667,17.020552,18.5991105
22/09/2018,0,0,0,0,0,0,23.13357323,21.0142563,19.07501147,4.478913884,4.646880576,4.3335482
29/09/2018,0,0,0,0.354,0,0,23.54285808,20.89998087,18.49375119,37.8815404,54.77252047,80.98268208
06/10/2018,723.2173643,287.6663274,435.5510368,3.55,3.757,0.874,20.13802604,17.26732227,14.97505248,156.7594698,136.1986055,149.36321
13/10/2018,2.111822301,0,2.111822301,1.259,0,0.023,19.70300084,16.88830582,14.50253488,111.0000473,108.1311879,119.4354297
20/10/2018,0,0,0,5.196,2.264,0.169,18.0631085,14.52953332,12.16766681,567.6704397,567.7464918,567.8005189
27/10/2018,25.19636281,0,25.19636281,0,0,13.677,14.79927236,11.58689361,10.05782461,5.146007202,5.778509411,4.905617996
03/11/2018,2.687075488,1.035501777,1.65157371,0.57,2.837,0.781,13.43509665,9.607591102,7.308050375,132.3129408,185.2693561,165.5917568
10/11/2018,73.11508713,44.91164791,28.20343922,48.815,36.416,81.537,12.35028992,8.552882235,6.250875527,330.5327038,337.0812825,375.7605858
17/11/2018,298.322399,63.00478711,235.3176119,4.21,0.996,82.154,13.09642914,9.560305581,7.49203046,104.6642706,68.50289563,73.89045076
24/11/2018,235.0304611,95.78081104,139.2496501,16.11,2.086,75.815,12.36981519,8.892781071,6.877697552,191.1183238,131.4685876,150.1756258
01/12/2018,0,0,0,47.07,21.833,46.475,10.72761894,6.988850948,5.024466875,423.5436034,251.8632726,233.4606116
08/12/2018,369.1767113,212.4594625,156.7172488,32.991,4.999,221.302,9.95305796,6.361382436,4.557619732,481.2674544,376.1551208,268.8391777
15/12/2018,198.5949301,0.102840664,198.4920894,57.963,24.154,282.391,9.667969735,6.061365314,4.201656787,351.5431028,250.5695938,230.6678753
22/12/2018,596.3793281,5.528119148,590.851209,18.292,17.702,305.774,8.436953956,4.771257168,2.973728336,481.0600813,401.5548208,330.2191207
29/12/2018,1309.467575,439.392011,870.0755639,36.76,296.003,900.445,7.475864324,3.635972611,1.553841461,314.0198434,245.2467765,210.706694
05/01/2019,2361.771609,1390.573785,971.1978243,257.863,904.148,855.949,4.967163516,0.417097493,-1.494025568,1164.693287,1084.488454,871.6358581
12/01/2019,2196.291425,1093.398248,1102.893177,473.332,"1,520.24",905.756,5.575476151,0.94377567,-0.907770649,400.65697,304.7896726,235.5531169
19/01/2019,3136.931475,1905.52379,1231.407685,245.012,"1,340.80",898.638,6.875110773,2.532190726,0.551656751,6.205083568,8.639041079,10.31070689
26/01/2019,1870.795859,892.656968,978.1388908,12.208,782.118,826.677,8.196135575,4.269425894,2.148014083,97.09353706,76.50845236,58.34222954
02/02/2019,1512.076373,560.0457252,952.0306478,4.602,459.489,749.906,9.207353914,5.522768233,3.907979901,304.8113743,303.9563729,299.2011949
09/02/2019,1096.411622,389.2962188,707.1154036,22.575,352.784,788.103,7.002413445,3.263028244,1.271564501,434.0172516,316.5440927,290.2149892
16/02/2019,1445.559735,378.3745463,1067.185189,21.748,355.266,772.792,6.613151747,2.941390159,0.74936219,239.4795378,174.9142368,182.8510618
23/02/2019,1331.779843,331.35769,1000.422153,42.451,423.086,742.133,7.743951659,3.75089777,1.461295039,912.3713117,737.143997,611.2153228
02/03/2019,692.1718556,255.5573877,436.6144679,6.775,305.14,816.684,7.690392419,3.922956409,1.776469997,207.4254966,179.26685,147.3894163
09/03/2019,1237.51494,266.433134,971.0818061,15.547,203.115,762.25,9.603054652,6.640293332,4.976554727,143.0166233,115.0406191,91.59317977
16/03/2019,832.0996601,169.7008347,662.3988254,9.079,154.681,684.711,10.59743134,7.313393817,5.078827632,287.0902497,244.9988931,240.3577143
23/03/2019,0,0,0,4.69,20.734,300.398,9.982004863,6.379094299,4.139231595,211.4607958,244.2412785,226.133928
30/03/2019,4.384154748,0,4.384154748,5.507,46.161,509.917,9.551287795,6.164254595,4.051791158,680.4790853,617.5291134,592.9706991
06/04/2019,422.7690007,10.89775602,411.8712447,0.198,22.425,337.788,12.63156394,9.448721212,7.348156755,65.99164578,82.08670148,98.50445232
13/04/2019,0,0,0,1.095,10.861,258.593,11.91055498,8.435113174,6.420541703,314.3404092,322.0060935,290.801766
20/04/2019,424.3808611,16.88769125,407.4931698,1.771,124.673,597.054,10.98545444,7.407971903,5.148806035,395.7612048,384.219981,323.8026518
27/04/2019,284.8997114,3.200836813,281.6988746,0.323,4.37,213.777,17.31183195,14.55150907,12.20995604,36.7596084,57.54172755,67.99735589
04/05/2019,140.4469016,18.08646863,122.3604329,0.165,0.315,123.781,15.08537226,12.33759476,10.7495299,34.38698484,35.51421963,40.06800139
11/05/2019,218.3936405,73.25801063,145.1356299,0.331,0.034,74.401,21.17021009,19.0556569,17.18345231,9.421946203,14.80123177,21.86773145
18/05/2019,66.31336029,0,66.31336029,0.069,0,34.202,22.58418737,20.34412929,18.35196313,10.18130544,15.31620774,14.79111456
25/05/2019,34.94129438,0,34.94129438,0,0,18.88,23.77902924,22.11596896,20.47943636,2.918166969,4.713225741,5.127267125
01/06/2019,12.03008625,0,12.03008625,0.328,0,10.959,24.64547863,22.57554735,20.56295552,38.01925785,77.59970196,130.3670065
08/06/2019,8.127513527,0,8.127513527,0,0.652,3.945,21.82270368,19.51389256,17.52975934,44.87358974,51.66779363,69.449639
15/06/2019,1.159371988,0,1.159371988,0,0.124,0.733,21.07671939,18.4602318,16.8410173,63.99579478,57.46039977,50.9442975
22/06/2019,0,0,0,0.188,0,0.028,24.61339398,23.11148282,21.76185856,1.476418416,1.599700971,1.226373184
29/06/2019,0,0,0,0.026,0.218,0.062,23.56419398,21.34271952,19.62954229,0.951816753,0.577284993,0.43393325
06/07/2019,0,0,0,0,0,0,24.94076009,22.75578477,20.83048676,1.251005775,0.686744767,1.768898518
13/07/2019,0,0,0,0.015,0.124,0.06,23.24402128,20.67062991,19.11925457,15.51112792,4.724383273,4.007960078
20/07/2019,0,0,0,0,0,0,24.22148575,22.15567282,20.63941156,0.330590995,0.095286168,0.086017299
27/07/2019,0,0,0,0.276,0,0,24.98839083,23.248855,21.72828343,1.221218869,0.126622516,0.056461991
03/08/2019,0,0,0,0.131,0,0,24.27893239,22.27953562,20.82117337,4.050124826,2.704141493,3.323114618
10/08/2019,0,0,0,0,0.014,0,25.00398538,23.11310519,21.78096317,1.303048693,0.135369708,0.096958862
17/08/2019,0,0,0,0.059,0.011,0,23.96240804,21.6870105,20.18264967,6.931635443,1.485176134,2.443830443
24/08/2019,0,0,0,0,0,0,25.68070708,23.86698011,22.25859191,10.22622531,16.14497731,18.91308284
31/08/2019,0,0,0,0,0,0,23.66958396,21.58456492,20.1625851,1.942076899,0.752355577,0.792215736
07/09/2019,0,0,0,0,0.086,0.054,22.79184069,20.23605713,18.33357432,6.690528303,3.082156677,2.483739244
14/09/2019,0,0,0,0,0.228,0.043,23.11194653,20.88189583,19.1076041,44.00519633,37.14921503,33.91716204
21/09/2019,0,0,0,0,0,0,21.88910655,19.73690512,18.01939952,5.926384789,9.567755984,9.225274691
28/09/2019,0,0,0,0,0,0,21.72417642,19.78499453,18.22476468,24.37687759,13.47798978,7.74866168
05/10/2019,0,0,0,0.094,0,0,21.30770214,19.02971707,17.34046005,4.059822619,2.148814483,1.964883682
12/10/2019,0,0,0,0.46,0.057,0,22.76643677,19.42439711,17.17391259,86.45990268,111.6975009,105.5265371
19/10/2019,4.872275917,3.691832715,1.180443203,4.506,7.741,3.467,17.80018937,14.23627688,11.94379056,222.3685585,253.8354283,275.4912719
26/10/2019,526.6051507,247.7145118,278.8906389,8.423,3.859,3.255,15.73297824,12.02717918,9.70598844,237.4790593,243.3534167,276.3792343
02/11/2019,152.6224361,100.4668791,52.15555698,4.478,1.965,1.073,16.89640943,12.94083966,10.43384416,74.59321374,49.03349884,55.07412106
09/11/2019,0,0,0,0.165,5.256,1.595,17.61409975,13.38690497,10.7172754,131.9161726,139.1354292,127.1736583
16/11/2019,127.7543008,70.86056123,56.89373955,1.751,0.427,19.327,12.10137201,8.490957802,6.728491989,62.75216601,71.52267968,67.23692272
23/11/2019,1684.23876,1019.021518,665.2172426,13.393,6.291,7.82,12.39737233,8.746661856,6.615899292,38.52568145,24.62906479,20.70997122
30/11/2019,156.2556031,30.03461966,126.2209834,65.482,11.365,36.212,10.70131921,7.207796809,5.449695951,273.9899334,214.3712183,174.399681
07/12/2019,171.0218181,0,171.0218181,99.526,40.947,237.259,9.527542037,5.792420979,3.595966462,490.1091668,338.5115192,315.8729756
14/12/2019,294.5933051,0,294.5933051,11.892,0.837,201.18,9.343752669,6.009000072,4.471318901,33.27014336,26.89557586,21.23554988
21/12/2019,228.4097763,0,228.4097763,28.161,35.606,195.292,8.862650586,5.287242115,3.431753265,927.3971586,738.5687578,565.4725766
28/12/2019,958.7320575,271.515064,687.2169936,90.14,143.316,377.481,6.803724282,2.530107498,0.137635298,397.7569182,378.8509612,333.8543141
04/01/2020,1739.413212,568.1202437,1171.292969,99.228,491.93,892.562,6.643660121,2.827569911,0.511538154,505.1706575,359.3452067,282.2041151
11/01/2020,2283.069154,1040.060033,1243.00912,44.982,513.33,963.937,7.866321391,4.327806154,2.639121543,158.9722148,192.5382955,204.1883916
18/01/2020,1771.32424,876.0055659,895.3186742,328.661,666.426,747.706,5.758050994,1.855450688,-0.528818444,644.0838507,511.20706,487.9493731
25/01/2020,2803.009922,1594.805605,1208.204317,133.949,980.77,964.006,6.554868004,3.018958977,1.179544514,300.3690128,263.8257532,222.0702195
01/02/2020,1476.914466,326.8834941,1150.030972,4.914,331.595,991.392,8.111286831,4.408812123,2.188496247,301.4048174,282.6788087,223.069426
08/02/2020,815.0414858,435.5567018,379.484784,131.105,101.58,204.314,4.415914268,0.172421137,-2.012512766,574.1379805,546.5682868,488.859474
15/02/2020,1102.428954,276.7308732,825.6980813,11.031,199.663,728.19,8.710180347,5.196979106,2.996528981,169.723529,207.2848274,197.9726631
22/02/2020,802.7826621,125.529338,677.2533241,14.523,109.471,684.761,9.410369625,6.388364909,4.577099703,179.0031115,123.0559298,91.19250482
29/02/2020,1611.76602,757.3744775,854.3915424,8.82,225.472,765.693,10.19308747,7.057263787,5.250668035,447.4744848,398.7263141,340.8821789
07/03/2020,627.3794657,52.87313254,574.5063332,0.872,56.811,557.268,13.49213539,10.88099792,8.970016521,225.3012757,248.1553713,232.6162464
14/03/2020,490.6336311,18.38320491,472.2504262,29.67,44.788,316.928,9.137600365,5.822256111,3.765888657,665.7341174,612.5665846,558.6080981
21/03/2020,805.7744907,207.573398,598.2010927,1.053,87.062,480.076,10.51669731,7.225596452,4.963678876,108.4835475,143.5858104,155.2624244
28/03/2020,0,0,0,20.554,2.599,120.098,11.67748504,8.204618966,6.00976589,396.2522154,414.0008306,363.5690753
04/04/2020,288.7352919,36.74286382,251.992428,4.862,3.656,121.686,12.50865511,9.693695867,7.931992433,180.8387548,126.0327611,117.3623505
11/04/2020,166.9090832,0.103170547,166.8059126,0.213,0.107,183.54,13.35089134,10.40770309,8.200875026,209.5942771,210.3291279,214.5265896
18/04/2020,107.9840076,2.872944742,105.1110628,0,0.257,76.333,16.91633877,14.36802048,12.08200297,47.72656824,52.33729118,79.25758261
25/04/2020,252.3520678,127.1478702,125.2041976,0.31,0.031,98.115,13.46846143,10.72675527,8.805120253,315.0406808,252.2916448,221.816465
02/05/2020,318.5909544,65.5686119,253.0223425,0.192,0.039,44.247,15.07362823,12.53521035,10.71282788,166.3927535,147.4387775,130.5018788
09/05/2020,67.37464382,0,67.37464382,0.081,0,38.227,19.40198683,17.28180596,15.46145853,91.88624529,118.350974,111.9446974
16/05/2020,16.59521229,0,16.59521229,0.028,0,16.479,25.87921655,23.32193837,21.3829031,2.942263448,2.168882855,4.600561924
23/05/2020,96.50497305,0,96.50497305,2.795,0.196,17.617,17.06458341,14.60527355,13.18776306,169.27622,154.0968402,121.2228519
30/05/2020,8.545933329,0,8.545933329,0,0.118,4.443,18.23306938,16.17233044,14.67387863,23.0112396,27.53786389,33.04749456
06/06/2020,1.33941184,0,1.33941184,0,0,0.766,22.21483011,20.49147853,18.85983556,5.417430441,8.673031701,13.42136176
13/06/2020,0.180302896,0,0.180302896,0,0,0.011,20.73466558,18.45995237,16.71591547,16.58042635,6.30160635,5.605162535
20/06/2020,0,0,0,0,0,0.005,21.76770027,19.95636552,18.4844276,3.779636751,1.89193344,3.868904549
27/06/2020,0,0,0,0,0,0,24.0603738,22.29410958,20.57357261,0.632291923,0.147995944,0.30863543
04/07/2020,0,0,0,0,0,0,24.24698743,22.88339012,21.55598056,6.023238686,10.5730533,16.30820304
11/07/2020,0,0,0,0,0,0,24.63222662,22.8376881,21.15434814,1.825842164,1.069910118,0.780984808
18/07/2020,0,0,0,0,0,0,25.56500489,24.34641906,22.93503273,0.387819995,0.070631326,0.049103852
25/07/2020,0,0,0,0.005,0.051,0.03,27.67593752,26.82990095,25.37826167,11.69094639,27.56824042,35.25421692
01/08/2020,0,0,0,0,0,0,25.3146967,23.34634223,21.59595557,2.562348997,3.938822277,5.276958422
08/08/2020,0,0,0,0,0.141,0.086,23.80130785,21.59507661,20.09406845,51.62591951,19.54467137,8.058659317
15/08/2020,0,0,0,0,0,0,24.27000722,22.24271684,20.63957163,0.398865184,0.073288145,0.066330739
22/08/2020,0,0,0,0.011,0,0,24.40608417,22.21226938,20.23596678,2.482640675,2.662485506,3.016153187
29/08/2020,0,0,0,0,0,0,29.08682912,27.52884508,25.42886969,37.65616491,39.8687571,50.36701566
05/09/2020,0,0,0,0,0.002,0.016,28.65111205,27.19938408,24.99921432,7.603438407,13.52541855,12.74791602
12/09/2020,0,0,0,0,0,0,25.72804547,24.10208634,22.36917444,5.622030734,4.147531346,7.254149791
19/09/2020,0,0,0,0,0.028,0,23.84138703,21.67554813,19.88512463,5.263790759,3.673603282,5.876139286
26/09/2020,0,0,0,0,0.076,0.046,23.64167296,21.23363063,19.19834884,7.035046768,1.415080817,1.886072333
03/10/2020,0,0,0,0,0.022,0.045,22.92900037,20.11233149,17.93986647,10.93151358,13.78747132,9.774058181
10/10/2020,0,0,0,0,0,0,21.25091543,19.02014898,17.28287466,10.29308974,4.835080582,6.152931224
17/10/2020,0,0,0,0,0,0,21.5428308,18.69831056,16.55090458,4.696243814,5.463308469,4.602812717
24/10/2020,0,0,0,0.204,0.143,0.015,21.8792192,19.02971873,16.70146575,13.2045636,13.06832061,22.8996309
31/10/2020,12.20429264,3.408659628,8.795633013,70.115,8.248,15.969,16.28679165,13.15288361,10.86123057,507.4099817,430.6531503,426.6095921
07/11/2020,473.6559862,298.9990184,174.6569678,3.436,5.901,42.157,14.97490865,11.25015387,8.873014407,161.2846713,204.5000874,253.2334264
14/11/2020,129.2812412,0.206405734,129.0748355,10.825,1.848,58.946,12.90821964,9.06744152,6.666034535,206.6188145,184.4770606,217.4554112
21/11/2020,85.66227249,0.671935465,84.99033703,3.563,1.643,40.824,11.97426422,8.701469092,6.649575686,222.7961561,151.9543636,158.6620966
28/11/2020,885.7187727,478.4713857,407.247387,12.954,4.687,38.212,10.94909926,7.204311656,4.845172123,132.3796461,103.3473942,130.8744392
05/12/2020,133.9121597,0,133.9121597,8.341,1.994,90.148,10.82915359,7.169817324,4.915066897,163.0732628,131.3122179,117.3334272
12/12/2020,0,0,0,186.419,49.093,222.798,11.46342042,8.055673885,5.82990565,531.318175,410.6777884,458.6431002
19/12/2020,231.4348679,0,231.4348679,20.205,8.32,248.925,9.310090202,5.755792909,3.679490314,75.37242009,34.8204926,38.40560664
26/12/2020,253.7638639,0,253.7638639,1.736,1.05,170.191,9.122415416,5.638541022,4.009158338,0.593574285,0.313715864,0.087481073
02/01/2021,185.2040599,0,185.2040599,7.323,2.075,129.798,11.54754459,7.834566547,5.593641915,1.146638754,2.447145549,4.026893283
09/01/2021,522.7832033,92.89926631,429.883937,52.37,15.334,134.868,11.33506499,8.060888038,5.934414303,309.9133524,236.4140894,184.9680822
16/01/2021,3020.711901,1813.067494,1207.644407,181.589,"1,015.37",850.228,5.985154521,1.925042976,-0.229693109,1125.55902,977.5927846,816.0454813
23/01/2021,2097.969583,847.7262561,1250.243327,32.754,689.512,930.597,7.056180553,3.329660906,1.450047096,424.2869172,405.5059153,347.7476401
30/01/2021,1043.930751,361.6860821,682.244669,14.544,258.696,869.222,10.39099757,6.558291044,4.404099393,351.2418256,426.5889192,364.2228836
06/02/2021,729.7718722,39.41924417,690.3526281,0.023,41.392,500.958,11.31400106,8.583000739,6.995653038,2.153517006,1.550147535,1.557944379
13/02/2021,771.8038122,141.9843545,629.8194577,57.142,19.422,351.151,7.158186313,3.762015942,1.872197434,620.7508645,496.1019932,423.6370751
20/02/2021,2231.389308,1183.251112,1048.138196,198.512,962.917,828.377,7.097797131,2.762940333,0.487707844,14.38638298,13.85636555,12.0717458
27/02/2021,294.4808878,35.50621986,258.974668,1.492,269.574,645.116,8.560767416,5.102098162,2.960362553,287.081849,247.5717923,282.1506419
06/03/2021,747.5113575,97.29532894,650.2160286,2.361,71.467,474.828,11.15476981,8.115987247,6.2224548,208.345827,182.4301231,148.4692091
13/03/2021,395.7631249,5.729204047,390.0339209,0.495,29.832,373.351,10.71074742,8.087350279,6.507188271,60.05306099,60.91445348,46.14082099
20/03/2021,248.8990075,1.547816016,247.3511915,16.638,7.186,210.46,12.18606123,8.945812671,6.695143912,602.3266465,653.6039288,543.2550455
27/03/2021,448.8985662,33.10529851,415.7932677,0.444,235.837,585.917,8.568244504,5.180842409,3.120841019,242.0023287,202.2582646,169.4978331
03/04/2021,0,0,0,0,27.437,264.923,14.15941787,11.61569489,9.765265065,44.85437506,39.32206928,25.25849208
10/04/2021,312.422735,6.811781797,305.6109532,2.705,58.741,355.623,10.88778426,7.757810015,5.712171825,273.2111058,305.4966162,261.9288764
17/04/2021,109.2637656,0,109.2637656,0.012,0.04,70.685,19.49619811,17.72783844,15.89579382,7.966646846,17.24204778,22.24692281
24/04/2021,44.55840948,0,44.55840948,0,0.004,35.153,19.19137102,17.43818597,15.61034081,11.05938827,13.69526892,21.34045186
01/05/2021,24.37481953,0,24.37481953,0.04,0,16.248,20.63145757,18.67895286,16.8094781,0.051018639,0.049188237,0.047245315
08/05/2021,14.95931419,0,14.95931419,0.138,0.084,7.551,20.94523014,19.34040849,17.6873094,5.815139453,8.678873522,10.53066075
15/05/2021,5.125914063,0,5.125914063,0,0,2.643,21.07547691,20.08266907,18.70914358,5.742328737,13.67757678,19.44562503
22/05/2021,0.72115482,0,0.72115482,0,0,0.289,20.25116104,18.15064084,16.52008186,2.262125158,2.642136254,1.911737307
29/05/2021,0.128779674,0,0.128779674,0,0.003,0,20.06785942,18.14669608,16.76657438,0.904523288,1.280354971,2.006112089
05/06/2021,0,0,0,0.201,0.006,0.015,20.61221315,18.58890195,16.94693547,0.866110382,0.881768373,1.5768126
12/06/2021,0,0,0,0,0,0,20.50114583,18.6488124,17.34005994,7.04263372,4.9363524,10.57753416
19/06/2021,0,0,0,0.069,0.003,0,21.64333862,19.81862429,18.39450723,4.400517982,4.927797749,7.467802266
26/06/2021,0,0,0,0,0,0,25.87938438,24.07890445,22.10491497,2.023024629,5.024134165,7.198097179
03/07/2021,0,0,0,0,0.024,0,24.32264953,22.41120552,20.86397439,2.274355106,1.829008272,2.580668865
10/07/2021,0,0,0,0,0,0,25.55377568,23.60710168,21.69086673,0.329477486,0.48939262,0.664423373
17/07/2021,0,0,0,0.028,0,0,25.75286028,24.48996798,23.28163958,3.100774556,1.165569954,1.023232146
24/07/2021,0,0,0,0,0.011,0.003,25.66834851,23.61916055,21.81316199,35.44863405,31.04291886,31.06167979
31/07/2021,0,0,0,0,0.024,0,27.4198167,25.57305345,23.56809077,1.147633733,2.669513312,3.637412983
07/08/2021,0,0,0,0,0.479,0.249,25.50125102,22.72906426,20.50938545,13.37300491,16.91064216,16.49985554
14/08/2021,0,0,0,0,0,0,24.77461385,22.30735014,20.46359146,0.975860094,0.807048355,0.53191438
21/08/2021,0,0,0,0,0,0,26.52598885,24.89852822,23.18378843,2.536315522,4.626765996,4.11472694
28/08/2021,0,0,0,0,0,0,24.90665689,23.57941491,22.32771706,4.092196781,7.653884629,8.288518709
04/09/2021,0,0,0,0,0,0,23.26898479,20.94082872,19.33641756,6.418350238,2.034067993,3.800551204
11/09/2021,0,0,0,0.01,0.125,0.087,21.39721875,18.59733326,16.79947397,40.38255329,23.7830813,24.48072361
18/09/2021,0,0,0,0.066,0.077,0.033,22.27388774,19.5087904,17.36175368,74.34760853,68.39308724,51.99749017
25/09/2021,2.911263398,2.911263398,0,0,0,0,20.9143155,18.15056134,16.19266615,9.329244526,11.18325098,11.79829661
02/10/2021,0,0,0,0,0,0,20.34986626,17.55831195,15.54621662,9.597143592,5.788853951,2.776945391
09/10/2021,42.0451487,42.0451487,0,0.389,0,0.01,21.68571494,19.38113496,17.23338613,8.272557739,15.83738189,24.00517301
16/10/2021,0.91344619,0.775922121,0.137524069,0.182,0,0,17.90839466,14.7062288,12.55753181,36.01738709,19.07640093,17.04044969
23/10/2021,0.618135406,0,0.618135406,1.303,0.919,0.439,17.98725445,14.86168237,12.44873406,24.66110429,45.04332749,65.37296675
30/10/2021,0,0,0,5.705,0.124,0.243,17.55534742,14.12229391,12.10149249,41.7736217,60.87995397,75.1941124
06/11/2021,0,0,0,0,0,0,16.3767478,12.83282321,10.76149638,1.157143848,0.707314906,0.993041191
13/11/2021,0,0,0,5.057,1.081,0.07,15.78936646,12.24609244,9.822755955,101.7304061,90.48718582,77.32553092
20/11/2021,110.5621556,52.39782599,58.16432959,1.645,1.573,31.079,12.39671059,9.051214324,6.849395912,216.721617,151.2874269,146.9246533
27/11/2021,1521.20026,762.2002076,759.0000526,8.502,3.517,109.952,14.00275717,10.88669292,9.107005437,212.9946959,184.9946565,139.3816337
04/12/2021,173.4067405,0,173.4067405,14.305,7.979,155.808,11.14460391,7.627940316,5.901166037,193.2157932,174.4120354,132.5461411
11/12/2021,621.9296242,0.928809539,621.0008147,26.587,3.06,307.018,11.63848613,8.22285601,6.21248952,231.5112132,162.7737045,134.597336
18/12/2021,2186.127432,1289.308733,896.8186996,217.867,212.254,496.133,7.732720999,3.91678313,1.678764439,939.7943023,722.8597523,568.5236479
25/12/2021,1149.285227,179.8451255,969.4401013,13.42,268.105,830.392,7.465078497,3.745600366,1.726238253,9.378287939,7.440290225,6.29181306
01/01/2022,436.9679553,19.89296517,417.0749901,22.92,91.101,671.941,9.120560455,5.713505365,3.919728191,84.24647954,79.79404611,59.53692002
08/01/2022,583.0082582,17.71885377,565.2894044,15.05,28.031,437.759,9.061914313,5.461468038,3.359103637,151.6607145,84.42128855,76.34954648
15/01/2022,1973.166409,1012.705549,960.4608598,280.076,818.464,837.084,2.976616161,-1.5037941,-3.831560724,590.1666572,556.0791328,518.7939288
22/01/2022,2978.792415,1732.124651,1246.667764,423.27,"1,386.40",855.265,3.577758476,-1.064091231,-3.244402282,795.921646,726.7149183,586.6567966
29/01/2022,3129.366811,1940.735724,1188.631087,691.12,"1,450.12",893.517,5.609430319,1.068929385,-1.232981863,173.6426966,97.98468515,76.60957123
05/02/2022,2355.95765,1223.293699,1132.663951,107.265,"1,216.73",925.285,6.902911487,2.992367958,0.886101628,384.3571012,285.2693175,204.6389023
12/02/2022,1490.161217,640.485042,849.676175,29.356,949.288,864.085,8.099089925,4.91726786,3.121711498,18.13388381,10.85429233,7.750505862
19/02/2022,1259.614441,404.3364528,855.2779885,20.13,461.121,761.915,9.850086556,6.594470544,4.700258039,265.2895294,213.948085,167.7995303
26/02/2022,692.3450942,146.1243254,546.2207688,42.924,296.043,722.21,9.314942202,6.081199547,4.179953937,375.3896928,385.0910358,334.9653614
05/03/2022,2096.616735,1317.401329,779.2154059,24.501,153.263,577.207,8.531016564,5.097837968,2.960773461,528.2796251,486.5332056,440.3718745
12/03/2022,2995.044888,1774.379612,1220.665277,260.509,680.272,677.171,3.381814701,-1.114408869,-3.444667855,441.6691173,429.2919014,393.3804256
19/03/2022,0,0,0,131.322,73.736,82.269,4.702013752,0.9179443,-1.324916015,399.2389394,343.2262429,345.9641395
26/03/2022,1952.756928,1001.737623,951.0193051,24.601,601.119,718.679,11.26064494,8.019474857,5.963945354,29.16185734,22.34127283,16.82671014
02/04/2022,7.891735857,0,7.891735857,0.523,139.599,460.427,17.43059964,15.13644763,13.07261842,1.241912959,1.493095707,1.107607052
09/04/2022,312.1099349,30.95615607,281.1537789,0,35.716,264.248,13.31955444,10.96673832,9.435037047,6.318963337,3.51453995,2.311227547
16/04/2022,128.0927143,4.644869055,123.4478452,0.879,8.169,163.566,16.36439357,14.16283637,12.52600607,5.61470117,7.370082356,13.39686242
23/04/2022,63.57051081,0.412876016,63.15763479,0.046,1.009,94.478,19.57803113,17.50881115,15.31989891,37.38487239,67.73881961,82.41915026
30/04/2022,31.99268256,0,31.99268256,0,0.037,39.67,17.04211447,14.23274897,12.34998572,89.55244969,78.14371821,68.71116217
07/05/2022,24.83908506,0,24.83908506,0.381,0.093,26.553,16.05260601,13.18736,10.99044976,12.78403287,16.80254741,19.92908884
14/05/2022,7.038203979,1.133213035,5.904990943,0.021,0,14.329,19.17725305,16.85043957,14.843478,26.76518955,31.73044385,46.02488246
21/05/2022,1.701895906,0,1.701895906,0,0,6.705,20.23131716,17.68044686,15.69278015,39.14286102,43.78285434,34.60915157
28/05/2022,0.928057953,0,0.928057953,0,0,1.705,23.2438042,22.04729011,20.49098648,5.358145869,11.39398117,12.76136149
04/06/2022,0.05151241,0,0.05151241,0.032,0,0.191,21.83044338,20.02178358,18.39387361,1.910488744,3.206736347,4.603601346
11/06/2022,10.12447684,10.02109663,0.103380211,0.072,0.017,0.099,22.19090808,20.31111975,18.75410826,54.46470688,38.50552653,25.8254963
18/06/2022,0,0,0,0,0,0,22.72234826,21.12049192,19.92246042,2.808237794,1.494468242,1.6016042
25/06/2022,0,0,0,0.223,0,3.056,22.08810471,19.63281213,17.76663073,68.04305418,69.48163103,63.26008148
02/07/2022,0,0,0,0.149,0,0,23.84135441,21.84498409,20.09598766,0.549108176,0.443279894,0.423662251
09/07/2022,0,0,0,0.437,0,0,23.57279727,21.78187979,20.43588673,1.262177513,0.168939102,0.110501082
16/07/2022,0,0,0,0,0,0,25.22191011,23.51105886,22.09608854,0.411944603,0.079922028,0.080066155
23/07/2022,0,0,0,0.051,0,0,25.98104598,24.15108393,22.41822178,0.32304766,0.360063653,0.539157515
30/07/2022,0,0,0,0,0,0,26.36268138,25.42698069,24.05434923,3.44045335,6.471199897,9.068318908
06/08/2022,0,0,0,0,0,0,24.36402519,22.99201243,22.38235076,3.549318273,0.817315384,0.765028578
13/08/2022,0,0,0,0,0,0,24.19157996,22.93210789,22.00406151,2.495633141,0.309816027,0.170091542
20/08/2022,0,0,0,0.023,0.027,0,24.43951456,22.2510615,20.36703131,7.463941544,7.191811278,6.064252972
27/08/2022,0,0,0,0,0,0,28.10873942,26.94879441,24.91130181,13.57328229,15.34014627,22.66098718
03/09/2022,0,0,0,0,0.011,0.007,24.8441515,23.36219929,21.80156313,10.74388719,11.67912606,13.02934263
10/09/2022,0,0,0,0,0.024,0,23.1934302,21.34822669,19.89669527,7.47698979,1.473303717,1.212677064
17/09/2022,0,0,0,0,0.008,0,22.15428484,19.92292221,18.28008037,53.2695662,49.34989693,39.92597776
24/09/2022,0,0,0,0,0,0,22.36228259,19.84457852,17.82343843,0.184921981,0.060912482,0.048704352
01/10/2022,0,0,0,0,0,0,22.54494798,20.43312135,18.63263423,22.84966874,17.76504127,32.76781046
08/10/2022,0,0,0,0,0.015,0,19.06594991,16.27767728,14.32729864,22.4939932,19.43197299,22.26594182
15/10/2022,0.87672316,0.670328207,0.206394953,0,0,0,18.74961333,15.74305364,13.6805751,122.5133212,116.8018538,122.9914546
22/10/2022,6.131529894,5.210830995,0.920698899,0.612,2.26,1.815,18.50785172,15.02641826,12.63031594,100.5582728,90.58800446,113.8762608
29/10/2022,0.618839891,0.618839891,0,0.324,2.823,8.439,16.73053809,13.25512319,10.8220035,40.59640992,56.12580665,68.62082125
05/11/2022,16.4039924,0.35984459,16.04414781,3.236,0.396,7.798,14.39746555,10.95574121,8.570849698,202.8760564,119.2237292,129.7533772
12/11/2022,59.3762754,38.89649291,20.47978248,8.145,6.048,21.832,14.01575922,10.25933773,7.864853323,173.6095561,186.8297011,179.4989408
19/11/2022,0,0,0,65.713,17.325,17.881,13.42065037,9.99418446,8.044332691,280.4422556,221.2102021,190.5322407
26/11/2022,576.5432317,232.8674828,343.6757489,37.982,7.228,144.49,12.1219304,8.560533457,6.616251276,296.1625602,267.5374809,209.7634002
03/12/2022,58.72072028,0,58.72072028,19.4,8.335,84.131,11.04662708,7.539771938,5.407781815,72.11910709,58.55749528,87.35927774
10/12/2022,70.04043859,0,70.04043859,2.797,2.145,62.371,11.76550952,8.498530585,6.521956431,81.81945386,93.37389157,104.794518
17/12/2022,820.0896725,400.3647475,419.724925,2.85,2.978,122.49,10.48805906,7.28195111,5.561282652,110.9419314,81.70970629,89.4026697
24/12/2022,12.00888523,0.276562559,11.73232267,12.689,50.315,509.829,8.345352955,4.922453045,2.797609797,203.9520948,148.0938037,170.4088563
31/12/2022,325.9682258,1.264644602,324.7035812,9.785,4.51,239.371,8.861290966,5.134204106,2.983010275,53.45976244,51.25950773,34.87422493
07/01/2023,436.0132753,0.103105836,435.9101695,25.368,12.886,398.551,8.19592966,4.618233925,2.528625966,147.3133706,104.9942419,109.249875
14/01/2023,454.6189018,1.446633984,453.1722678,13.366,21.526,446.264,8.416189877,4.915093568,3.075921048,160.4029114,161.0846472,187.8334774
21/01/2023,292.8731519,0.309630109,292.5635218,2.739,1.687,257.154,9.628951471,6.231913867,4.052882561,4.52975073,6.84711724,11.60108994
28/01/2023,466.4663186,166.8277799,299.6385388,275.844,489.637,285.644,7.591080566,3.585458974,1.147025949,828.9430596,659.6538278,597.0193414
04/02/2023,2831.139669,1714.361829,1116.77784,900.346,812.486,594.504,3.919807714,-0.866384479,-3.332966755,1260.786853,1186.010371,1034.590174
11/02/2023,2955.907341,1802.44141,1153.465931,201.268,"1,494.33",941.49,4.102877438,-0.55658678,-3.125377005,47.01525135,42.63736473,52.05082385
18/02/2023,2556.007464,1368.82503,1187.182434,30.307,"1,096.82",972.362,7.948876465,4.800286431,2.83543219,22.54926965,16.8991562,11.47058719
25/02/2023,1286.129633,425.6005029,860.5291302,2.065,421.042,767.425,12.86830979,9.519276554,7.206054514,8.069048197,4.263108657,3.459385806
04/03/2023,92.56380021,9.615059328,82.94874088,2.253,135.274,502.525,11.42991302,8.339235939,6.225065924,80.09181562,75.37645484,70.76173054
11/03/2023,564.235961,35.06885526,529.1671057,2.803,45.285,418.819,11.76383573,8.622544268,6.454992593,309.9806924,287.4359457,304.9354113
18/03/2023,201.2249604,8.628986613,192.5959738,4.494,4.289,148.294,10.603765,7.21288821,5.052854623,467.4402076,370.3042961,342.6946312
25/03/2023,317.4457169,64.69859084,252.747126,3.737,2.202,203.498,10.2917184,6.933318947,4.97865954,192.0707451,225.9063697,231.2648318
01/04/2023,109.0341222,0.206400328,108.8277219,0,8.991,214.376,12.80343678,9.857994262,7.920985103,4.223295631,3.606426657,5.35838288
08/04/2023,987.7249177,752.4763462,235.2485715,9.057,154.717,491.804,13.60507612,10.51419706,8.377203937,562.4279037,432.5423021,343.6023972
15/04/2023,471.6196692,58.68015385,412.9395154,0.392,6.591,186.851,16.36884715,13.50117223,11.28001121,54.27477899,79.61928254,104.1139702
22/04/2023,44.73163785,0,44.73163785,0.186,0.079,47.285,14.29222503,11.77102416,9.946604797,33.71297751,31.6268811,33.53738878
29/04/2023,192.7323273,92.60608545,100.1262418,1.269,0.317,98.052,15.21221031,12.07605582,10.05094388,189.2648959,165.3356602,128.3698276
06/05/2023,21.90087537,0,21.90087537,0.336,0.324,24.041,16.92377582,14.36017273,12.30534617,106.9082981,126.9563749,146.036996
13/05/2023,11.04418679,0,11.04418679,0.077,0,12.449,18.96970403,16.90920697,15.44203436,5.571879411,3.420805486,3.566725623
20/05/2023,4.300673457,0.668846703,3.631826754,0.003,0,5.544,18.68703341,16.18054778,14.1858215,47.39512333,44.08259684,61.8128028
27/05/2023,1.39073975,0.102770055,1.287969695,6.678,9.468,8.943,20.94778367,18.05777234,15.63341015,230.0505394,269.4888037,355.9294299
03/06/2023,180.1233379,145.7874566,34.33588136,0.844,0.008,0.04,21.19494082,19.29402098,17.39978212,17.37292713,33.59561041,37.34734631
10/06/2023,0,0,0,0.039,0.1,0.007,20.74713614,18.59466784,16.80410119,7.055651529,12.14757095,16.30527778
17/06/2023,0,0,0,0,0.004,0,21.41906046,19.44666854,18.04476484,10.57864129,3.11804736,3.379773156
24/06/2023,0,0,0,0.052,0,0,22.9506609,21.43662812,20.04663335,0.754727923,0.103994823,0.102284676
01/07/2023,0,0,0,0,0,0,23.82643024,22.49513246,21.02889878,1.373806118,0.098580713,0.063545507
08/07/2023,0,0,0,0,0,0,25.48505054,23.53839877,21.65582445,1.652932087,0.572290019,0.695209924
15/07/2023,0,0,0,0,0,0,26.99182121,25.45175647,23.7249759,0.257660475,0.068485405,0.068485405
22/07/2023,0,0,0,0.08,0,0,27.37167881,25.65510928,23.75217683,0.145255402,0.081108271,0.081108271
29/07/2023,0,0,0,0,0,0,25.43441385,23.74689612,22.28090531,1.190234425,0.725418231,1.01533186
05/08/2023,0,0,0,0.041,0,0,25.34084098,24.14264582,22.97280259,2.297569416,0.606451229,0.319107773
12/08/2023,16.45167639,16.45167639,0,0.029,1.025,1.544,29.09516665,28.50144926,26.92812706,14.43167829,14.12755705,16.32726109
19/08/2023,0,0,0,0.067,0,0,26.32601869,25.72843963,24.55016994,4.944745775,3.050138977,3.791396758
26/08/2023,3.206593453,3.103261539,0.103331914,0.22,0.237,0.132,24.36765232,22.06049992,20.40767509,34.30836132,15.96466878,7.549139199
02/09/2023,0,0,0,0,0,0,24.71596172,23.00324365,21.57831087,2.243023498,1.380886806,2.084207951
09/09/2023,0,0,0,0.011,0.43,0.187,23.6199323,20.90510254,18.81988704,15.26544877,13.6017298,13.75535958
16/09/2023,0,0,0,0,0,0,23.1881049,21.00333025,18.97854766,24.08811113,19.03048769,34.40297141
23/09/2023,0,0,0,0,0,0,24.27385835,22.06958965,19.90089321,0.370636659,0.046036254,0.038703377
30/09/2023,0,0,0,2.86,0.397,0.005,20.39139591,17.22860556,15.0993474,111.2313805,77.03457211,70.02328865
07/10/2023,0,0,0,14.947,9.526,3.753,20.36758703,17.71699835,15.61395187,87.26673123,95.15882616,126.2053405
14/10/2023,0,0,0,24.804,4.274,2.587,17.73207809,14.59198944,12.57439506,373.3712683,292.3316681,215.1595944
21/10/2023,0,0,0,0.231,0.317,0.06,21.04936914,17.91673033,15.5927145,7.397821308,10.52460122,15.78894437
28/10/2023,512.0639007,337.1355446,174.9283561,4.66,1.696,2.284,20.87417122,17.58331866,15.12464485,56.3470799,72.67804901,93.67740347
04/11/2023,0,0,0,0,0,0,18.87301671,16.38943182,14.48466601,2.237378676,0.841620103,1.08933148
11/11/2023,0.274718438,0,0.274718438,1.36,0.518,1.693,17.14622385,13.95894151,11.88585076,203.9539522,148.5486273,167.2014507
18/11/2023,406.3548497,0,406.3548497,32.555,10.221,140.346,12.86606862,9.283856911,7.315445725,848.9319427,730.1476452,613.2259919
25/11/2023,121.6598983,0.889144643,120.7707537,26.717,8.733,208.611,11.89600446,8.451944835,6.656376783,340.6199904,317.6525422,261.0871643
02/12/2023,137.8737449,23.03695414,114.8367907,5.405,4.922,123.718,13.65233618,10.45135496,8.60577121,189.8194979,164.7279621,164.6785658
09/12/2023,35.77195188,0,35.77195188,77.829,15.179,132.428,11.42032346,7.954071045,6.128531198,224.1657769,123.1092186,113.0651437
16/12/2023,0,0,0,30.208,6.403,101.919,10.62324986,7.326265003,5.731519396,380.5939753,316.4149801,204.3610962
23/12/2023,492.2167603,0,492.2167603,49.743,14.591,367.462,11.07794271,7.614841404,5.79200382,411.5796385,263.474121,204.127224
30/12/2023,119.8366667,3.512602664,116.324064,28.892,12.185,205.445,10.5823557,7.212877198,5.309791321,121.3098814,101.9133409,68.21646199
06/01/2024,43.31320256,28.32726197,14.98594059,116.707,25.587,178.536,10.62317529,7.167982603,5.245046976,588.7150509,402.7614106,280.5921063
13/01/2024,836.6769813,75.11468156,761.5622997,40.583,131.097,830.437,9.423633097,5.924192584,3.750187377,575.9476419,441.8821047,373.292056
20/01/2024,832.377192,30.50429002,801.872902,84.212,79.598,739.71,10.0700345,6.776494508,4.582173275,655.9273295,453.0879672,354.8282543
27/01/2024,5.494421177,0,5.494421177,225.887,556.538,591.517,5.542305759,1.416593829,-0.976117752,545.6613797,453.7485149,410.1366291
03/02/2024,1231.597548,304.8054355,926.7921121,32.204,378.332,925.387,8.860398588,5.41171485,3.426872561,301.8870093,216.0385086,173.909175
10/02/2024,0.674549715,0,0.674549715,11.639,208.01,814.832,9.779114384,6.262064433,4.273643234,283.4897291,178.7922742,176.9747486
17/02/2024,1580.482838,600.1907211,980.2921171,43.775,99.968,731.546,8.845268586,5.475450141,3.41297118,242.1026343,157.288846,122.8913856
24/02/2024,760.6461415,31.58691746,729.0592241,3.833,53.648,616.423,9.517871174,6.079491978,4.112831453,34.26104485,66.72203561,78.00574251
02/03/2024,689.6917314,19.26289277,670.4288386,26.629,25.647,536.403,10.50508621,7.188624174,5.043568869,274.0722342,233.3304224,149.5214175
09/03/2024,416.9174462,29.74957412,387.1678721,7.134,12.673,443.494,10.90242167,7.725772856,5.824741407,112.6170668,113.2776382,84.85306959
16/03/2024,313.000118,94.59060472,218.4095133,26.384,12.921,324.212,10.82800303,7.412864092,5.366155814,506.6886488,467.3502801,395.3025079
23/03/2024,309.4506725,0.412876063,309.0377964,11.293,3.745,288.298,12.67648087,9.439475303,7.373918151,78.18423814,99.56120911,100.1866598
30/03/2024,252.5081374,0.412889492,252.0952479,0,0.252,204.198,17.6461284,15.13889884,13.11224824,17.5964489,37.59917461,43.46088663
06/04/2024,8.830035668,1.040984469,7.789051199,7.699,4.555,141.895,13.16474861,9.97571114,7.86385593,411.06772,428.9536432,422.5444062
13/04/2024,57.6555304,0.206128801,57.4494016,0.106,0.138,97.366,16.46490148,13.72034385,11.73197474,36.56599996,46.83380853,50.30799908
20/04/2024,51.90177536,0,51.90177536,0.009,0,59.048,19.84581785,17.53811189,15.77758441,8.569835328,10.66186439,16.47073272
27/04/2024,214.3618668,129.405634,84.95623283,1.159,0.544,16.584,18.35490556,15.80507608,13.86367163,330.7747067,459.8661903,496.7798558
04/05/2024,20.29057054,0,20.29057054,19.006,0.049,28.755,16.32859569,13.06131693,11.02176928,160.0406754,122.8364704,86.26919994
11/05/2024,18.058916,0,18.058916,0.038,0.084,12.295,16.64187608,13.91888036,12.13304765,190.9066204,193.5842098,132.5132093
18/05/2024,4.992464896,2.286891094,2.705573803,0.609,0.191,5.267,21.44851929,19.24617073,17.36407003,5.942958942,8.007484298,10.33927523
25/05/2024,0.103046438,0,0.103046438,0,0.018,0.751,19.16632966,16.95619127,15.65023075,38.35778245,39.51377793,37.6311712
01/06/2024,0,0,0,0,0,0.02,26.41495463,24.96782277,23.07134697,6.503815069,7.880132077,14.54880071
08/06/2024,0,0,0,0,0,0,25.87832257,24.04474173,22.09016206,19.34371539,29.78855276,45.48861479
15/06/2024,0,0,0,0,0,0,26.35615426,25.46231039,24.0087683,9.202262186,19.95483683,28.79363496
22/06/2024,0,0,0,0,0.008,0,25.42828862,23.78428122,22.14108132,12.86722777,15.55919536,16.25404874
29/06/2024,0,0,0,0,0,0,24.8070222,22.68343122,20.9743152,11.56820841,20.63052527,23.70345232
06/07/2024,0,0,0,0.015,0.009,0.021,25.93849777,23.79734829,21.96678097,11.17215265,17.16007018,19.52814857
13/07/2024,0,0,0,0.035,0,0,25.9181466,23.75193042,21.99682936,10.38482741,2.725413103,2.436854172
20/07/2024,0,0,0,0.083,0,0,26.53827705,24.32350516,22.59800166,1.223961812,0.273040275,0.261402221
27/07/2024,0,0,0,0,0,0,26.15247498,23.9237544,22.18517281,1.334775194,0.145098855,0.113266926
03/08/2024,0,0,0,0,0,0,25.61392536,23.86197414,22.25656125,0.286344209,0.014753531,0.013805848
10/08/2024,0,0,0,0,0,0,25.79026365,24.00104321,22.43776174,2.029600914,1.86902006,1.168544026
17/08/2024,0,0,0,0,0,0,26.09518675,24.51524633,22.89452296,5.069612719,4.784023275,5.736408879
24/08/2024,0,0,0,0,0,0,24.51056595,22.13537085,20.62450952,11.24329553,14.76405103,18.78424625
31/08/2024,0,0,0,0.008,0.116,0,23.37099258,20.82801229,19.28763551,18.3302945,12.07215252,8.114621131
07/09/2024,0,0,0,0,0,0,24.59360614,22.24750632,20.30224071,28.36127035,30.61373475,32.22680225
14/09/2024,0,0,0,0,0.042,0,21.65113283,18.77768997,17.42873314,29.12669626,11.13763275,6.11351089
21/09/2024,0,0,0,0,0.105,0.003,21.85511824,19.29100638,17.34474077,59.78662241,40.26302306,31.93969807
28/09/2024,0,0,0,0.022,0.013,0,21.2711255,18.97612114,17.41930979,40.47068436,29.14249334,26.72448208
05/10/2024,0,0,0,0,0,0,22.29739856,20.37276547,18.42502159,26.64221485,16.36324238,20.90393493
12/10/2024,0,0,0,0,0.01,0,20.77341211,18.25821694,16.38512024,33.57561697,30.12163513,37.75707024
19/10/2024,0,0,0,0,0,0,15.56352211,11.91350578,9.732602264,0.348734795,0.208869761,0.347310143
26/10/2024,0.103170547,0.103170547,0,0.158,0.698,0.084,16.77797627,13.38247251,11.12906054,25.07775678,34.90118015,38.45049265
02/11/2024,0.92735043,0,0.92735043,0.641,0.964,1.927,15.69955786,12.11676486,9.737792688,107.4807129,76.35742836,66.60014186
09/11/2024,0,0,0,0.254,0.408,5.639,15.06288113,11.74940139,9.536098205,65.30748692,39.9648981,41.88796877
16/11/2024,113.1741017,0.103321172,113.0707805,94.549,46.207,78.358,13.1362708,9.624624072,7.374062204,241.4874325,142.2918817,100.2123987
23/11/2024,166.4167952,29.78296955,136.6338256,23.525,33.559,157.728,9.253222932,5.5736078,3.337365436,187.4218784,163.5289648,160.0848936
30/11/2024,189.417698,2.680929891,186.7367681,3.313,6.647,149.219,9.890482615,6.808834384,4.956464585,13.69820519,8.128431094,8.075953627
07/12/2024,55.82933721,0,55.82933721,19.562,3.126,63.366,11.95812577,8.858111314,7.065398552,31.45426519,18.98657235,18.38415135
14/12/2024,56.98238276,0,56.98238276,10.667,6.516,54.87,8.97445018,5.70000711,3.827871994,17.927745,8.717471905,7.499972637
21/12/2024,232.4214221,1.078111263,231.3433108,42.139,14.387,176.858,9.571129488,6.000182675,3.850441854,281.8883346,249.2675186,255.4509259
28/12/2024,1375.601883,288.4454862,1087.156397,115.669,250.276,778.965,7.507753241,4.027315244,2.062249622,224.5415112,124.5058965,128.7713539
04/01/2025,646.3907432,51.1420063,595.2487369,21.614,80.306,563.013,9.450397548,6.419519036,4.561114739,5.324443449,6.135280206,6.179789967
11/01/2025,447.4743899,7.996558808,439.4778311,19.18,17.277,335.731,10.01321909,6.395559182,4.203103544,34.18976966,23.40605712,30.67564742
18/01/2025,315.9801084,1.955574425,314.024534,22.46,11.496,247.209,8.731335023,5.244492744,3.222808467,90.69091457,73.61217923,86.32917627
25/01/2025,304.9494839,0.828453195,304.1210307,61.477,25.663,247.294,8.679991642,5.021945174,2.718628729,92.76341609,122.1317561,145.8678328
01/02/2025,0,0,0,113.73,73.676,358.287,7.722226092,4.443673291,2.498978165,512.4811989,433.7165691,348.824677
08/02/2025,1996.069523,1012.704142,983.3653806,206.253,677.812,801.784,5.142875057,0.957604451,-1.464655259,387.8072487,347.6099893,316.9177721
15/02/2025,1528.278699,457.0314939,1071.247206,27.161,502.583,810.976,7.537057627,3.663825259,1.182870359,335.5482669,336.0772411,294.5348528
22/02/2025,1269.230721,434.9629082,834.2678131,71.113,409.423,751.078,3.025280127,-1.022224085,-3.723138222,39.37380794,45.2419231,50.59310676
01/03/2025,4.030670282,0,4.030670282,4.856,206.145,611.452,9.468968079,5.898625668,3.630064524,91.43432,110.2756257,108.5948294
08/03/2025,424.1070142,49.47857318,374.628441,1.964,50.349,336.246,13.17294085,10.02392731,7.742657535,13.88066465,19.16626548,25.16090731
15/03/2025,194.6949023,1.235179492,193.4597229,4.737,3.114,142.12,13.42030111,10.40058061,8.153118073,440.0129421,377.2848558,335.2500494
22/03/2025,850.9528869,220.6724758,630.2804111,2.737,143.126,407.934,13.79424179,11.05758597,8.819432125,8.991737739,8.178064868,9.00724687
29/03/2025,58.43885074,6.699784255,51.73906649,0.802,0.438,49.25,13.66922023,10.55061762,8.526661875,118.4550724,180.867083,213.6430747
05/04/2025,115.3909585,25.64653367,89.7444248,2.02,0.095,23.54,14.18058782,11.21016397,9.012252401,107.4046907,122.6179772,100.9259322
12/04/2025,140.0597723,22.87410775,117.1856645,4.517,17.96,204.791,11.76922957,8.355190566,6.077993683,257.9237716,294.9428759,296.42823
19/04/2025,31.82097945,0,31.82097945,1.453,0.495,26.037,18.41953179,16.58909215,14.80746601,8.133036082,7.178282508,10.0665272
26/04/2025,23.49229271,20.24548981,3.246802904,3.653,2.278,6.009,16.17401035,13.85611881,11.92713811,131.7408794,137.1004037,162.7194183
03/05/2025,21.9002255,14.92606599,6.974159518,0.103,0.047,0.43,17.57432257,15.12266012,12.94441018,91.17039725,121.8264314,108.2150036
10/05/2025,9.100793699,7.238792418,1.862001281,0.037,0.392,0.004,19.96800748,17.32060972,15.22038323,52.20477556,69.73458349,83.18942409
17/05/2025,0,0,0,0.032,0,0,21.90525076,20.74919868,19.16095737,2.556099118,6.039811814,9.622379933
24/05/2025,0,0,0,2.296,0.088,0.043,21.08481641,19.12375397,17.44987619,6.431438589,5.093878935,8.233980059
31/05/2025,0,0,0,0,0,0,0.003954,21.2415,18.64436322,5.793234218,4.643360213,8.204234325