year,week_of_year,s2_snow_above_1200_smoothed_zscore,s2_snow_1200_1800_smoothed_zscore,s2_snow_above_1800_smoothed_zscore,modis_snow_above_1200_smoothed_zscore,modis_snow_1200_1800_smoothed_zscore,modis_snow_above_1800_smoothed_zscore,temp_1200_smoothed_zscore,temp_1200_1800_smoothed_zscore,temp_1800_smoothed_zscore,precip_1200_smoothed_zscore,precip_1200_1800_smoothed_zscore,precip_1800_smoothed_zscore
2016,39,-0.485215972,-0.348455749,-0.56845063,-0.316612423,-0.379117441,-0.665794697,0.759025708,0.703774242,0.674355353,-0.691234716,-0.709094203,-0.740918343
2016,40,-0.485215972,-0.348455749,-0.56845063,-0.316468024,-0.379117441,-0.665794697,0.640395965,0.597696515,0.564744055,-0.677649322,-0.685404519,-0.715503501
2016,41,-0.485215972,-0.348455749,-0.56845063,-0.316612423,-0.379117441,-0.665794697,0.396379678,0.350997905,0.332347331,-0.659599606,-0.68231343,-0.691139423
2016,42,-0.485215972,-0.348455749,-0.56845063,-0.312773826,-0.371111685,-0.664329521,0.317389272,0.247511894,0.198221018,-0.226180801,0.115161157,0.308173927
2016,43,-0.485215972,-0.348455749,-0.56845063,-0.151083464,-0.343083533,-0.648346098,-0.102107818,-0.198233014,-0.2281668,0.789991209,0.601478513,0.366530344
2016,44,-0.485215972,-0.348455749,-0.56845063,-0.309416558,-0.377688413,-0.665633801,-0.158826793,-0.177812426,-0.152441362,-0.667116533,-0.672835505,-0.710819395
2016,45,-0.485215972,-0.348455749,-0.56845063,-0.305325263,-0.378300854,-0.665055262,-0.153011706,-0.126209617,-0.084313965,-0.566606205,-0.607749225,-0.664111481
2016,46,-0.485215972,-0.348455749,-0.56845063,-0.305144765,-0.378737167,-0.665794697,-0.639860176,-0.725867011,-0.701361564,-0.696905152,-0.710561669,-0.745714853
2016,47,-0.485215972,-0.348455749,-0.56845063,1.492630163,0.008893529,-0.388541017,-0.939361307,-0.994836483,-0.981299992,2.817294145,2.457456271,2.147603969
2016,48,-0.485215972,-0.348455749,-0.56845063,-0.246157926,0.024296603,2.181623525,-1.152035621,-1.195172554,-1.191286742,-0.29199064,-0.169706315,-0.092407922
2016,49,-0.485215972,-0.348455749,-0.56845063,1.401117534,0.973443014,1.780261253,-1.34818897,-1.372537154,-1.351055593,2.774667272,2.539971482,2.525396128
2016,50,-0.485215972,-0.348455749,-0.56845063,0.998004703,1.981607858,2.480348189,-1.693375571,-1.723747295,-1.771114832,0.844282729,1.255905503,1.585608336
2016,51,-0.485215972,-0.348455749,-0.56845063,0.923037749,2.368614105,2.328750437,-1.509184131,-1.539849146,-1.539581672,1.40597026,1.041423785,0.820803828
2016,52,-0.485215972,-0.348455749,-0.56845063,0.844208133,2.107398298,2.187990877,-1.627964023,-1.656145288,-1.663400513,0.5469248,0.364790181,0.243683471
2017,1,-0.219477084,0.000538042,-0.413985233,4.22103017,3.344367646,2.299378458,-1.631492466,-1.687584228,-1.635705103,0.858240289,0.758245462,0.492386312
2017,2,-0.485215972,-0.348455749,-0.56845063,-0.188350343,1.142212355,2.139759897,-1.384052814,-1.362627969,-1.314260794,-0.155583478,-0.011347416,0.021759259
2017,3,-0.485215972,-0.348455749,-0.56845063,0.283267603,0.679551714,1.85510845,-1.488528623,-1.484391107,-1.453510476,1.063554352,1.051961013,0.978996684
2017,4,-0.485215972,-0.348455749,-0.56845063,7.692132478,5.138209371,2.274884693,-2.3385263,-2.38507781,-2.348576725,0.388212252,0.545864728,0.651028191
2017,5,-0.483517456,-0.348455749,-0.56525096,0.402913898,2.94495648,2.363418273,-1.360761704,-1.383230187,-1.389112894,-0.666125393,-0.668208009,-0.691384417
2017,6,-0.485215972,-0.348455749,-0.56845063,0.108809996,1.312022444,2.069260301,-1.778244223,-1.78469509,-1.822693001,0.978100515,1.221808281,1.432558021
2017,7,-0.485215972,-0.348455749,-0.56845063,-0.291811959,0.991516008,1.880800373,-1.462476415,-1.407225403,-1.385161914,-0.694369293,-0.710776712,-0.745361795
2017,8,-0.485215972,-0.348455749,-0.56845063,-0.299802016,0.371650341,1.556613147,-0.844875978,-0.844373959,-0.85793964,0.701879207,0.755498447,0.583945411
2017,9,-0.485215972,-0.348455749,-0.56845063,-0.315300802,0.050387362,1.287797921,-0.831771786,-0.827749146,-0.830255279,-0.476269511,-0.465642912,-0.411295845
2017,10,-0.485215972,-0.348455749,-0.56845063,0.229262517,-0.294124333,0.253551665,-1.148715568,-1.164261417,-1.166072359,2.179238675,2.284350146,2.290662484
2017,11,-0.485215972,-0.348455749,-0.56845063,-0.288911953,-0.334141104,0.767729037,-0.894766083,-0.862378482,-0.865528643,-0.278396986,-0.038901503,0.065914888
2017,12,-0.485215972,-0.348455749,-0.56845063,-0.302774221,-0.353975364,0.30516145,-0.701562437,-0.674130636,-0.697879415,-0.389846268,-0.192781552,-0.02403137
2017,13,0.145835408,-0.045023913,0.319380198,-0.300692474,-0.376071251,-0.020555995,-0.568746219,-0.593477547,-0.610224747,0.158592816,0.102455132,0.155654169
2017,14,-0.477512882,-0.348455749,-0.553939525,-0.311498305,-0.376523576,-0.393645169,-0.411623674,-0.425637487,-0.40546972,0.41356895,0.943385315,1.035551248
2017,15,-0.351947122,-0.346254058,-0.319582017,-0.315360968,-0.378961329,-0.450311179,-0.314202484,-0.287845097,-0.31687048,-0.387312774,-0.302418032,-0.208820491
2017,16,-0.485215972,-0.348455749,-0.56845063,-0.316612423,-0.379109435,-0.533980239,-0.022145804,0.000849667,0.012313696,-0.639543179,-0.624463959,-0.625798794
2017,17,-0.385386708,-0.285297228,-0.443032995,-0.315914496,-0.377668399,-0.581232153,0.077687936,0.108759235,0.060697578,-0.284323699,-0.05397411,0.150752371
2017,18,-0.452722877,-0.348455749,-0.507240039,-0.316612423,-0.379117441,-0.624776625,0.448747893,0.462306856,0.439083173,-0.673680708,-0.690284306,-0.705339834
2017,19,-0.476474614,-0.343728111,-0.556672536,-0.316612423,-0.379117441,-0.64934228,0.677156968,0.736139718,0.720784814,-0.557741687,-0.495909445,-0.404736519
2017,20,-0.467454455,-0.348455749,-0.534991429,-0.316612423,-0.379101429,-0.658965198,0.003252189,-0.031320167,-0.022714516,0.009096816,0.081173889,-0.079562082
2017,21,-0.484824554,-0.348034113,-0.568131458,-0.316612423,-0.379105432,-0.665688574,0.401957853,0.388645468,0.364506507,-0.678207776,-0.699701035,-0.716310954
2017,22,-0.485215972,-0.348455749,-0.56845063,-0.316612423,-0.379117441,-0.665794697,0.954550384,1.006785448,1.002780952,-0.674404155,-0.676245938,-0.678635017
2017,23,-0.485215972,-0.348455749,-0.56845063,-0.316480057,-0.379117441,-0.665250391,0.77901115,0.842467627,0.866055969,-0.664692035,-0.662277898,-0.680143851
2017,24,-0.483446702,-0.348245273,-0.565326426,-0.315770097,-0.379117441,-0.665794697,0.710473846,0.679496803,0.698158448,-0.640227974,-0.669235636,-0.67827886
2017,25,-0.485215972,-0.348455749,-0.56845063,-0.316612423,-0.379117441,-0.665794697,1.29301866,1.344127801,1.348385864,-0.697491427,-0.713717698,-0.749662933
2017,26,-0.485215972,-0.348455749,-0.56845063,-0.316612423,-0.379117441,-0.665794697,1.589203035,1.651419774,1.637879986,-0.687643217,-0.711092098,-0.747901676
2017,27,-0.485215972,-0.348455749,-0.56845063,-0.316612423,-0.379117441,-0.665794697,1.457898666,1.435378372,1.405498777,-0.696540612,-0.712439185,-0.74769645
2017,28,-0.483161849,-0.348049729,-0.564983761,-0.316612423,-0.379117441,-0.665794697,1.452848234,1.512247883,1.533367454,-0.693484714,-0.707040921,-0.739821564
2017,29,-0.485215972,-0.348455749,-0.56845063,-0.316612423,-0.379093423,-0.665794697,1.474858585,1.513997038,1.528070969,-0.694669796,-0.713524396,-0.749562677
2017,30,-0.485215972,-0.348455749,-0.56845063,-0.316612423,-0.379117441,-0.665794697,1.292183348,1.331739529,1.386986828,-0.689597558,-0.707681456,-0.735211559
2017,31,-0.485215972,-0.348455749,-0.56845063,-0.316612423,-0.379117441,-0.665794697,1.371965284,1.460479083,1.508238896,-0.684732033,-0.70490783,-0.738597847
2017,32,-0.485215972,-0.348455749,-0.56845063,-0.316612423,-0.379117441,-0.665794697,1.261372416,1.261267097,1.289490542,-0.672582778,-0.681272336,-0.697585979
2017,33,-0.485215972,-0.348455749,-0.56845063,-0.31619126,-0.379037383,-0.665774157,1.181444764,1.214744138,1.293066256,-0.683622592,-0.708130701,-0.742438614
2017,34,-0.484314976,-0.346744428,-0.56845063,-0.316215327,-0.379117441,-0.665794697,1.07737749,1.109566711,1.166259512,-0.687966152,-0.700681232,-0.732267948
2017,35,-0.485215972,-0.348455749,-0.56845063,-0.316612423,-0.379117441,-0.665794697,1.278796383,1.29172486,1.295576085,-0.689326737,-0.695876081,-0.724906326
2017,36,-0.485215972,-0.348455749,-0.56845063,-0.316612423,-0.379081415,-0.665794697,1.435939736,1.467605207,1.45553963,-0.658910301,-0.69867727,-0.741988153
2017,37,-0.485215972,-0.348455749,-0.56845063,-0.316612423,-0.379117441,-0.665794697,0.990756335,1.02868364,1.047063297,-0.636272231,-0.655046478,-0.699113703
2017,38,-0.485215972,-0.348455749,-0.56845063,-0.316612423,-0.379117441,-0.665794697,0.656789406,0.683634654,0.732913411,-0.650244224,-0.643768439,-0.653465526
2017,39,-0.485215972,-0.348455749,-0.56845063,-0.316612423,-0.378561041,-0.665770733,0.535245304,0.436323294,0.393796917,-0.613608812,-0.676779362,-0.701135526
2017,40,-0.485215972,-0.348455749,-0.56845063,-0.273365034,-0.360876326,-0.629938973,0.260632195,0.191739433,0.170672084,0.024669129,-0.187107283,-0.226835782
2017,41,-0.485215972,-0.348455749,-0.56845063,-0.310607847,-0.37751629,-0.665123728,0.275869152,0.18876705,0.126870874,-0.197677505,-0.190487952,-0.275815689
2017,42,-0.485215972,-0.348455749,-0.56845063,-0.316540223,-0.379117441,-0.665794697,0.25883405,0.230357441,0.20918453,-0.64615836,-0.667416642,-0.690701828
2017,43,-0.451489065,-0.28439603,-0.56845063,0.042037665,-0.373269236,-0.663727019,-0.215713767,-0.287145596,-0.280832124,1.167372433,0.768816473,0.644480233
2017,44,-0.485215972,-0.348455749,-0.56845063,-0.310788345,-0.376427507,-0.665346243,-0.328865381,-0.368381936,-0.383118816,-0.393943575,-0.472692189,-0.429477199
2017,45,-0.485215972,-0.348455749,-0.56845063,-0.316576323,-0.379117441,-0.665794697,-0.204045651,-0.233826105,-0.219300284,-0.690613462,-0.71129366,-0.746920029
2017,46,-0.485215972,-0.348455749,-0.56845063,0.015708982,-0.338380152,-0.427515374,-0.680763991,-0.735131248,-0.750924219,0.96320222,0.769265559,0.902391567
2017,47,-0.1823053,-0.347489631,0.001215215,0.298634023,-0.372716839,-0.219320078,-0.774828893,-0.82996158,-0.837440322,-0.307548763,-0.398328943,-0.427732362
2017,48,1.361646066,1.444592279,1.132316915,0.022784515,0.262531888,0.356079726,-0.86964025,-0.844088646,-0.790460589,0.915648255,1.352259666,1.44049215
2017,49,-0.485215972,-0.348455749,-0.56845063,-0.302148494,0.082090155,1.173370443,-0.873004737,-0.823144643,-0.758641833,-0.673401763,-0.699236937,-0.742939852
2017,50,0.554936604,0.600011142,0.450296281,-0.180986013,-0.307914248,-0.11806891,-0.463222664,-0.401611123,-0.369829697,-0.672542003,-0.680366851,-0.700125349
2017,51,-0.452615447,-0.341871726,-0.513567739,0.09858176,0.568323744,0.993770035,-0.905176581,-0.877932118,-0.811948456,1.335309763,1.10368143,1.044430095
2017,52,-0.45227712,-0.328296435,-0.526394461,2.842576819,-0.045385496,-0.348108332,-1.157941796,-1.157236639,-1.130147872,1.349551143,1.473816872,1.404621488
2018,1,0.160508262,-0.106961023,0.408450596,-0.242824725,-0.029414013,1.031796135,-1.106957621,-1.03914201,-0.940565677,-0.493542635,-0.452687516,-0.51344631
2018,2,0.742936364,-0.232084781,1.629728995,1.205794326,-0.208494768,0.400825779,-1.324142882,-1.351953171,-1.337070466,2.482973518,2.240870191,1.838312494
2018,3,1.958132397,1.971936913,1.732955818,0.917935664,3.665470511,2.2061481,-1.359597116,-1.385584705,-1.361641609,2.949641977,2.875825237,2.683294058
2018,4,1.723312898,0.580572026,2.670566947,-0.175378533,0.498461515,2.098204366,-1.410603592,-1.378157343,-1.3404125,-0.548782799,-0.577387855,-0.619630761
2018,5,-0.485215972,-0.348455749,-0.56845063,-0.297491638,-0.082199965,1.240532314,-0.524295698,-0.40623997,-0.375548462,-0.663222668,-0.667147916,-0.687382058
2018,6,-0.485215972,-0.348455749,-0.56845063,-0.298887491,-0.345441228,0.595067674,-0.791078528,-0.790657638,-0.765409554,0.860938875,0.906390868,0.710682732
2018,7,-0.468126248,-0.348455749,-0.536256955,-0.188687273,0.408564882,2.248556034,-1.039119454,-1.038777305,-1.045314269,2.339013035,2.482965381,2.730967519
2018,8,0.106231028,-0.340079432,0.537411345,-0.239888619,-0.352065991,0.702316476,-1.010946722,-1.025456203,-1.038813941,0.800763857,0.901405157,0.868905415
2018,9,-0.06095427,-0.348455749,0.230774857,-0.31092071,-0.375678969,0.083618678,-0.375914293,-0.347653789,-0.347596823,-0.62776777,-0.643125005,-0.682727307
2018,10,-0.17619547,-0.348455749,0.013683134,-0.298971724,-0.37900536,-0.237850442,-0.751605515,-0.691824459,-0.650731776,-0.378576143,-0.385025417,-0.447579644
2018,11,-0.255367493,-0.348455749,-0.135461365,-0.314229845,-0.379117441,-0.375083995,-0.102635734,-0.070347086,-0.051636876,-0.683247081,-0.698145265,-0.734544256
2018,12,-0.358602328,-0.348455749,-0.329935461,-0.313652251,-0.378761185,-0.464545292,-0.355383013,-0.330488914,-0.292248755,0.627776773,0.723375395,0.501620408
2018,13,-0.261917504,-0.190593331,-0.304369277,-0.314302045,-0.379101429,-0.485954657,-0.255617726,-0.191034354,-0.162372149,-0.663839269,-0.6820671,-0.726273582
2018,14,-0.463256481,-0.340889244,-0.534587783,-0.314085447,-0.375378753,-0.586185679,-0.370812546,-0.323767044,-0.353464456,0.237366776,0.515013387,1.012095812
2018,15,-0.438433851,-0.348455749,-0.480322327,-0.316612423,-0.379117441,-0.623027315,0.161037829,0.20311197,0.169329736,-0.692418267,-0.709097942,-0.744150417
2018,16,-0.466152161,-0.338888599,-0.542026928,-0.31305059,-0.377840523,-0.640448527,-0.16250516,-0.174261623,-0.192550266,0.537545509,0.426615176,0.652843891
2018,17,-0.434471807,-0.305639013,-0.515324536,-0.31129374,-0.365523667,-0.636901981,0.454437648,0.291824216,0.206969896,-0.076156587,0.381230941,0.569799998
2018,18,-0.047400471,0.346559292,-0.433012931,-0.288803654,-0.379117441,-0.647476578,0.102005034,0.05044881,0.01567458,1.293204692,1.494756571,1.655343982
2018,19,-0.484792419,-0.348455749,-0.56765274,-0.303989576,-0.378789205,-0.665411286,0.334270212,0.266448204,0.219426857,-0.26934495,-0.340674585,-0.393121486
2018,20,-0.485215972,-0.348455749,-0.56845063,-0.316034828,-0.379117441,-0.665794697,1.086370285,1.033732015,0.938892259,-0.630025535,-0.558341262,-0.50719039
2018,21,-0.44440087,-0.297395847,-0.542204562,-0.312954324,-0.377408212,-0.663617473,0.505973065,0.484823876,0.428398475,0.773425455,0.998343316,1.690243561
2018,22,-0.485215972,-0.348455749,-0.56845063,-0.313303288,-0.37344136,-0.659293835,0.748960109,0.727289251,0.656195965,-0.447175685,-0.317554103,-0.178631823
2018,23,-0.485215972,-0.348455749,-0.56845063,-0.314217812,-0.378124727,-0.665130575,0.732117625,0.707885281,0.693373736,-0.08247517,0.183222272,0.234504487
2018,24,-0.48487803,-0.347813874,-0.56845063,-0.316179227,-0.378885274,-0.665318857,0.7949765,0.739907957,0.742300331,-0.640643816,-0.675100619,-0.669794571
2018,25,-0.485215972,-0.348455749,-0.56845063,-0.316612423,-0.379117441,-0.665794697,0.95585905,0.985716811,1.033844936,-0.690951947,-0.71248977,-0.749119721
2018,26,-0.485215972,-0.348455749,-0.56845063,-0.316612423,-0.379117441,-0.665794697,1.1035129,1.199890477,1.267074692,-0.692612719,-0.712087793,-0.748306694
2018,27,-0.485215972,-0.348455749,-0.56845063,-0.316612423,-0.379117441,-0.665794697,1.148558846,1.189678824,1.258109771,-0.695629837,-0.713627447,-0.749622624
2018,28,-0.485215972,-0.348455749,-0.56845063,-0.316612423,-0.378853251,-0.665794697,1.225604312,1.171640696,1.163752403,-0.687227163,-0.713581211,-0.749652126
2018,29,-0.485215972,-0.348455749,-0.56845063,-0.316612423,-0.378933308,-0.66575704,1.234293921,1.170978201,1.181438195,-0.66757624,-0.706992322,-0.742898568
2018,30,-0.485215972,-0.348455749,-0.56845063,-0.31622736,-0.377260105,-0.665551642,1.031580879,0.988892863,1.080874713,-0.648945888,-0.703508005,-0.744190666
2018,31,-0.485215972,-0.348455749,-0.56845063,-0.316612423,-0.379117441,-0.665794697,1.210737282,1.174616453,1.19981536,-0.683249899,-0.706429995,-0.739281402
2018,32,-0.485215972,-0.348455749,-0.56845063,-0.316612423,-0.379117441,-0.665794697,1.192071229,1.15175411,1.177681765,-0.686805025,-0.713686841,-0.749724687
2018,33,-0.485215972,-0.348455749,-0.56845063,-0.316612423,-0.379117441,-0.665794697,1.181367647,1.203704369,1.242975692,-0.684537866,-0.704458944,-0.743753794
2018,34,-0.485215972,-0.348455749,-0.56845063,-0.316612423,-0.379117441,-0.665794697,1.186548936,1.235310161,1.308260073,-0.645873487,-0.678899305,-0.714502457
2018,35,-0.485215972,-0.348455749,-0.56845063,-0.316612423,-0.379117441,-0.665794697,1.231812284,1.212454593,1.236961299,-0.660954973,-0.700899476,-0.741914562
2018,36,-0.482497708,-0.343292773,-0.56845063,-0.274087027,-0.378753179,-0.665794697,0.935735199,0.877532513,0.862589591,-0.497708051,-0.502783233,-0.465978015
2018,37,-0.485215972,-0.348455749,-0.56845063,-0.316612423,-0.379017369,-0.665784427,0.940183886,0.915233099,0.902789484,-0.617934643,-0.619980239,-0.63213021
2018,38,-0.485215972,-0.348455749,-0.56845063,-0.316612423,-0.379117441,-0.665794697,0.993385542,0.984833159,0.960132746,-0.676973417,-0.688405473,-0.722603707
2018,39,-0.485215972,-0.348455749,-0.56845063,-0.312352663,-0.379117441,-0.665794697,1.05415852,0.969477235,0.883737881,-0.51652808,-0.41121542,-0.236487911
2018,40,0.704092386,0.550054789,0.780823437,-0.273894496,-0.364078628,-0.662802726,0.548589398,0.481333562,0.42127636,0.05448718,0.039063138,0.197187631
2018,41,-0.481743146,-0.348455749,-0.561908511,-0.3014626,-0.379117441,-0.66571596,0.483994345,0.430402686,0.359173513,-0.16531248,-0.11614703,0.00738292
2018,42,-0.485215972,-0.348455749,-0.56845063,-0.254087818,-0.370054925,-0.665216158,0.240493661,0.113439272,0.052302499,2.028246613,2.42548218,2.850955195
2018,43,-0.443781341,-0.348455749,-0.490395945,-0.316612423,-0.379117441,-0.618974119,-0.244139575,-0.28198213,-0.224993431,-0.673769118,-0.682147673,-0.718975588
2018,44,-0.48079716,-0.345221414,-0.563334294,-0.309753488,-0.367761276,-0.663121093,-0.446700262,-0.547953724,-0.586395438,-0.062938663,0.310419753,0.300110555
2018,45,-0.364980496,-0.208176595,-0.481080458,0.270789155,-0.233348637,-0.386668468,-0.607778629,-0.68968173,-0.725339613,0.889185168,1.149925364,1.63302043
2018,46,0.005365892,-0.151663633,0.16052927,-0.265952571,-0.375130574,-0.384556287,-0.496987569,-0.554307783,-0.562214991,-0.195745591,-0.335287743,-0.281467489
2018,47,-0.098715722,-0.049289459,-0.13707537,-0.122757267,-0.370767437,-0.406256634,-0.604879404,-0.64400734,-0.642956581,0.219525637,0.012906585,0.202340046
2018,48,-0.485215972,-0.348455749,-0.56845063,0.249791188,-0.291722606,-0.506696478,-0.848722186,-0.899850662,-0.886526136,1.335951387,0.67867782,0.73054102
2018,49,0.121883595,0.31515013,-0.082963278,0.0803755,-0.359107054,0.091790113,-0.963733472,-0.984167637,-0.947883717,1.613220683,1.365999998,0.954915112
2018,50,-0.158632815,-0.348134532,0.046449131,0.380869041,-0.282431926,0.300916548,-1.006065018,-1.024482866,-0.99466782,0.990105991,0.671523898,0.712829232
2018,51,0.495511199,-0.331188962,1.261920891,-0.096500784,-0.308258495,0.380963749,-1.188853349,-1.197842985,-1.15605409,1.612224593,1.50645794,1.344192306
2018,52,1.66816254,1.023961926,2.126917525,0.125728702,0.805746445,2.416705478,-1.331561487,-1.350398465,-1.342669398,0.809867709,0.642089221,0.5862336
2019,1,3.398643645,3.994927821,2.440179651,2.786309488,3.240076664,2.264381985,-1.704067869,-1.782939393,-1.743249652,4.895971163,5.283016414,4.777906618
2019,2,3.126516653,3.06671577,2.848152791,5.379095119,5.706217754,2.434886665,-1.613742096,-1.712166263,-1.666198343,1.226018307,0.971355812,0.743811879
2019,3,4.673369824,5.603346889,3.246272134,2.631670592,4.987941332,2.410519562,-1.420764843,-1.498720728,-1.474386236,-0.668681977,-0.666329203,-0.684696021
2019,4,2.591249364,2.439711014,2.46168207,-0.169710887,2.751605466,2.164174926,-1.224611453,-1.265277277,-1.264577468,-0.232110662,-0.29101777,-0.380075725
2019,5,2.001346378,1.400817412,2.380802512,-0.26123555,1.460160952,1.901364182,-1.074459915,-1.096857615,-1.033265686,0.76563598,0.966747743,1.147473793
2019,6,1.317798683,0.867490372,1.622090537,-0.044962507,1.033033859,2.032124261,-1.401862207,-1.400513395,-1.379768975,1.386260246,1.036356644,1.090482457
2019,7,1.891961845,0.833377107,2.737534613,-0.054913979,1.042969002,1.979709998,-1.459662032,-1.443733971,-1.448401869,0.451822677,0.253156921,0.409570641
2019,8,1.704854368,0.686522446,2.530712391,0.19420975,1.314444185,1.874754812,-1.291754332,-1.334955233,-1.354832747,3.683974124,3.362234381,3.126295839
2019,9,0.653039017,0.449764217,0.784117792,-0.235087365,0.842320741,2.129965814,-1.299707117,-1.311834608,-1.313409396,0.297855101,0.277226461,0.184669652
2019,10,1.54983868,0.483734034,2.439820243,-0.129531969,0.433927117,1.94362149,-1.015703984,-0.946688589,-0.892823215,-0.011524863,-0.077938528,-0.169195167
2019,11,0.88314592,0.18159582,1.48356505,-0.207362829,0.240051725,1.678181645,-0.868053192,-0.856239752,-0.879381518,0.680514775,0.64071845,0.774283074
2019,12,-0.485215972,-0.348455749,-0.56845063,-0.260176626,-0.296121769,0.362560048,-0.959435269,-0.981787581,-1.002872345,0.317238156,0.636528912,0.684074524
2019,13,-0.478006367,-0.348455749,-0.554869153,-0.250345487,-0.194340591,1.079808024,-1.023390626,-1.010656972,-1.014364615,2.570108828,2.700775374,3.010586773
2019,14,0.21001444,-0.314417185,0.707466868,-0.314229845,-0.289352902,0.490557517,-0.566013438,-0.569302092,-0.581124269,-0.381504706,-0.26017058,-0.125363247
2019,15,-0.485215972,-0.348455749,-0.56845063,-0.303436048,-0.335642183,0.219448675,-0.673073012,-0.705507116,-0.703040438,0.811407507,1.066560993,1.094203849
2019,16,0.212665094,-0.29570794,0.693904226,-0.295301592,0.119933364,1.378104775,-0.810437282,-0.843530687,-0.870184277,1.202502112,1.410597913,1.303498476
2019,17,-0.016707298,-0.338458105,0.304211708,-0.312725693,-0.361624864,0.066029723,0.128939781,0.116392295,0.05786056,-0.52191714,-0.395901967,-0.318842034
2019,18,-0.254255431,-0.291963622,-0.189395721,-0.314626942,-0.377856534,-0.242054264,-0.20165781,-0.181105594,-0.134082812,-0.53331374,-0.517712004,-0.495972546
2019,19,-0.126074454,-0.119638233,-0.118841457,-0.312629427,-0.378981343,-0.411097191,0.701854046,0.721643575,0.71152569,-0.65323018,-0.632252871,-0.611400318
2019,20,-0.376165723,-0.348455749,-0.363021439,-0.315782131,-0.379117441,-0.548710731,0.911809557,0.894783887,0.865102719,-0.649582693,-0.629405102,-0.656280867
2019,21,-0.427756105,-0.348455749,-0.460207558,-0.316612423,-0.379117441,-0.60116265,1.089226577,1.132877367,1.14471589,-0.68447027,-0.688038591,-0.717569869
2019,22,-0.465432871,-0.348455749,-0.531183164,-0.312665527,-0.379117441,-0.628278669,1.217881986,1.194633867,1.155692788,-0.515866571,-0.284983263,0.076711977
2019,23,-0.47185053,-0.348455749,-0.54327277,-0.316612423,-0.376507564,-0.652289748,0.798740062,0.783219644,0.75704072,-0.482942646,-0.428384266,-0.309631522
2019,24,-0.483309421,-0.348455749,-0.564859064,-0.316612423,-0.378621084,-0.663285412,0.687972007,0.641632479,0.666519559,-0.391091526,-0.396351702,-0.426994085
2019,25,-0.485215972,-0.348455749,-0.56845063,-0.314350178,-0.379117441,-0.665698844,1.213117871,1.26665096,1.313264257,-0.691395529,-0.705256089,-0.742309694
2019,26,-0.485215972,-0.348455749,-0.56845063,-0.316299559,-0.378244813,-0.665582451,1.057326597,1.028970872,1.033014566,-0.693915387,-0.710909952,-0.74733542
2019,27,-0.485215972,-0.348455749,-0.56845063,-0.316612423,-0.379117441,-0.665794697,1.261727082,1.218853528,1.190854339,-0.69247827,-0.71030465,-0.738868949
2019,28,-0.485215972,-0.348455749,-0.56845063,-0.316431924,-0.378621084,-0.665589298,1.009785506,0.938657873,0.965947604,-0.623981557,-0.687976891,-0.724668616
2019,29,-0.485215972,-0.348455749,-0.56845063,-0.316612423,-0.379117441,-0.665794697,1.154925075,1.138212629,1.165741383,-0.696899367,-0.71357536,-0.749541935
2019,30,-0.485215972,-0.348455749,-0.56845063,-0.313291254,-0.379117441,-0.665794697,1.268799569,1.285110542,1.308851488,-0.692621348,-0.713402073,-0.749729377
2019,31,-0.485215972,-0.348455749,-0.56845063,-0.315036071,-0.379117441,-0.665794697,1.163455083,1.15485687,1.189630283,-0.679033052,-0.699148637,-0.729011969
2019,32,-0.485215972,-0.348455749,-0.56845063,-0.316612423,-0.3790614,-0.665794697,1.271115138,1.266868968,1.31577517,-0.692228288,-0.713353702,-0.749472542
2019,33,-0.485215972,-0.348455749,-0.56845063,-0.315902463,-0.379073409,-0.665794697,1.11645572,1.075235463,1.105709304,-0.665192076,-0.7058894,-0.734588469
2019,34,-0.485215972,-0.348455749,-0.56845063,-0.316612423,-0.379117441,-0.665794697,1.371598683,1.368171984,1.378549773,-0.649366926,-0.624822085,-0.630138969
2019,35,-0.485215972,-0.348455749,-0.56845063,-0.316612423,-0.379117441,-0.665794697,1.07297551,1.061469192,1.103072224,-0.689158796,-0.709941829,-0.74506316
2019,36,-0.485215972,-0.348455749,-0.56845063,-0.316612423,-0.378773193,-0.665609838,0.942643121,0.880261537,0.862685883,-0.666350204,-0.697058249,-0.734335364
2019,37,-0.485215972,-0.348455749,-0.56845063,-0.316612423,-0.378204785,-0.665647494,0.990174284,0.967047032,0.964416386,-0.487113865,-0.508670634,-0.53498173
2019,38,-0.485215972,-0.348455749,-0.56845063,-0.316612423,-0.379117441,-0.665794697,0.808599943,0.813187275,0.821393983,-0.670020672,-0.661193497,-0.691579931
2019,39,-0.485215972,-0.348455749,-0.56845063,-0.316612423,-0.379117441,-0.665794697,0.784110165,0.819649358,0.848385064,-0.581396038,-0.639570274,-0.700944746
2019,40,-0.485215972,-0.348455749,-0.56845063,-0.3154813,-0.379117441,-0.665794697,0.722269659,0.718157873,0.732161171,-0.67898647,-0.702219543,-0.737625993
2019,41,-0.485215972,-0.348455749,-0.56845063,-0.311077142,-0.378889277,-0.665794697,0.938871,0.771193566,0.710271888,-0.283187995,-0.096425656,-0.080828545
2019,42,-0.477203667,-0.336924505,-0.564793788,-0.262390739,-0.348131162,-0.653926089,0.20145391,0.07403252,0.02287851,0.369632229,0.689583654,0.9971033
2019,43,0.380769744,0.425267409,0.2955122,-0.21525662,-0.363670335,-0.65465183,-0.105497535,-0.22281813,-0.271235154,0.442213629,0.631619121,1.002734838
2019,44,-0.234233145,-0.034652773,-0.406880264,-0.262727669,-0.371251786,-0.662121488,0.067255446,-0.100043702,-0.175573294,-0.34018815,-0.442951668,-0.400802367
2019,45,-0.485215972,-0.348455749,-0.56845063,-0.314626942,-0.358078314,-0.660334521,0.173822249,-0.04010304,-0.138322011,-0.064844489,0.055303495,0.056459471
2019,46,-0.275128016,-0.127126539,-0.39220206,-0.295542257,-0.377408212,-0.599632431,-0.644739397,-0.698002914,-0.662566624,-0.397065142,-0.318588622,-0.32366477
2019,47,2.284462044,2.834403993,1.492296099,-0.155451523,-0.353935335,-0.639024431,-0.600787561,-0.663642318,-0.677364649,-0.513434029,-0.577905882,-0.618742939
2019,48,-0.228258515,-0.254644205,-0.177436294,0.471346814,-0.333624733,-0.541829883,-0.852627321,-0.8704295,-0.830638406,0.617589045,0.471350301,0.355971213
2019,49,-0.203975936,-0.348455749,-0.038649793,0.881005716,-0.215211597,0.146415832,-1.026916534,-1.060622644,-1.074273519,1.655690743,1.157834438,1.253207746
2019,50,-0.000766486,-0.348455749,0.344156787,-0.173513384,-0.375767032,0.022906318,-1.05420664,-1.031519519,-0.959226209,-0.538678349,-0.56537229,-0.615409671
2019,51,-0.109603232,-0.348455749,0.139129795,0.022255053,-0.236590968,0.002749883,-1.125643455,-1.128506773,-1.09585601,3.756148899,3.370113173,2.836191173
2019,52,1.091388941,0.499607173,1.560448143,0.768061924,0.194559017,0.626438864,-1.431364722,-1.499000664,-1.528800952,1.212088271,1.380907741,1.367247034
2020,1,2.375194707,1.426037743,3.060045446,0.877419817,1.590018316,2.389719545,-1.455131973,-1.459028729,-1.479659011,1.728036729,1.273042761,1.039676763
2020,2,3.269219916,2.90011668,3.282211701,0.224665827,1.675679904,2.634058122,-1.273584167,-1.257432347,-1.200031361,0.065115824,0.350616301,0.544893932
2020,3,2.427671395,2.387701241,2.205117027,3.638237315,2.288504509,1.893832905,-1.586632329,-1.589658634,-1.616392768,2.395288872,2.112824464,2.344531948
2020,4,4.124246264,4.632835094,3.174391459,1.295225208,3.546785179,2.63429433,-1.468316339,-1.43331055,-1.391863134,0.744297652,0.744829207,0.658302115
2020,5,1.943523721,0.672547532,2.994178857,-0.257481185,0.948216877,2.728045031,-1.237210284,-1.246547054,-1.259256909,0.74927301,0.849084823,0.664639173
2020,6,0.855094285,1.011982541,0.607138301,1.261002734,0.027494903,0.033634964,-1.78592054,-1.815818127,-1.81139427,2.059312636,2.308368707,2.350303891
2020,7,1.327693997,0.515898477,1.989442508,-0.183873986,0.420109182,1.827023635,-1.148283117,-1.140635993,-1.153057408,0.116758417,0.432163229,0.505473215
2020,8,0.834935033,0.04362849,1.529582137,-0.141853985,0.059081613,1.678352811,-1.04431497,-0.980541829,-0.94532347,0.16133173,-0.033614617,-0.171736284
2020,9,2.165282888,2.017163319,2.078330697,-0.210479433,0.523419459,1.955407938,-0.928092505,-0.89065759,-0.856796585,1.450900382,1.490816565,1.411818394
2020,10,0.546489957,-0.18330932,1.211286831,-0.306119456,-0.151709941,1.24190506,-0.43823082,-0.376837869,-0.367963724,0.383719169,0.658173476,0.725185979
2020,11,0.321615704,-0.291036782,0.894512833,0.04041318,-0.199836543,0.419147321,-1.084817325,-1.056613505,-1.051940696,2.499283219,2.673333059,2.792656024
2020,12,0.839855001,0.299888766,1.284689767,-0.303941443,-0.03061888,0.977653103,-0.880041047,-0.868037648,-0.894515485,-0.177400172,0.079913683,0.234600987
2020,13,-0.485215972,-0.348455749,-0.56845063,-0.069281643,-0.368713961,-0.254662305,-0.707680582,-0.736480103,-0.757028581,1.204860619,1.575283198,1.555700759
2020,14,-0.010399806,-0.23369136,0.212185436,-0.258106913,-0.364482919,-0.249226093,-0.584263651,-0.536383274,-0.50439092,0.170149013,-0.017153022,-0.005764737
2020,15,-0.2107392,-0.348133501,-0.051710058,-0.314049347,-0.378689133,-0.037480827,-0.459203552,-0.440437536,-0.469051761,0.308272567,0.448997923,0.610459726
2020,16,-0.307639646,-0.339482258,-0.242831772,-0.316612423,-0.378088701,-0.404483361,0.07021467,0.091735754,0.041043726,-0.469238721,-0.424682008,-0.247428649
2020,17,-0.070230881,0.048683889,-0.180586149,-0.312882125,-0.378993352,-0.329916875,-0.441746066,-0.397564445,-0.389635991,0.814771174,0.681046678,0.65669278
2020,18,0.038696898,-0.143655662,0.215375962,-0.314302045,-0.378961329,-0.514323607,-0.203401631,-0.154550718,-0.138906547,0.100759453,0.101220227,0.077567349
2020,19,-0.374420475,-0.348455749,-0.359733736,-0.315637732,-0.379117441,-0.534931918,0.439298046,0.483279828,0.485204562,-0.257123237,-0.059632578,-0.040123987
2020,20,-0.457925664,-0.348455749,-0.517041065,-0.316275493,-0.379117441,-0.609382011,1.401074516,1.294931224,1.263458254,-0.684354525,-0.702108567,-0.720910281
2020,21,-0.326516559,-0.348455749,-0.269492193,-0.282979576,-0.378332877,-0.605486287,0.09222689,0.123616973,0.186373445,0.114609824,0.138038685,0.018718915
2020,22,-0.471162452,-0.348455749,-0.541976566,-0.316612423,-0.378645101,-0.650584941,0.265730434,0.334192475,0.381693171,-0.587955709,-0.561820498,-0.540497241
2020,23,-0.483013351,-0.348455749,-0.564301326,-0.316612423,-0.379117441,-0.663172443,0.856965258,0.914584151,0.93185224,-0.67246537,-0.666141238,-0.664967964
2020,24,-0.48491947,-0.348455749,-0.567892078,-0.316612423,-0.379117441,-0.66575704,0.637181882,0.64159493,0.650077463,-0.618845316,-0.679254996,-0.714539013
2020,25,-0.485215972,-0.348455749,-0.56845063,-0.316612423,-0.379117441,-0.66577758,0.790572838,0.842677578,0.882512484,-0.680332307,-0.703640071,-0.725550519
2020,26,-0.485215972,-0.348455749,-0.56845063,-0.316612423,-0.379117441,-0.665794697,1.131002242,1.156815266,1.157088189,-0.695450185,-0.71328388,-0.74813007
2020,27,-0.485215972,-0.348455749,-0.56845063,-0.316612423,-0.379117441,-0.665794697,1.158711711,1.236000678,1.286205773,-0.669555446,-0.655634298,-0.646659354
2020,28,-0.485215972,-0.348455749,-0.56845063,-0.316612423,-0.379117441,-0.665794697,1.215914251,1.229859404,1.233419344,-0.689717115,-0.708185782,-0.745134388
2020,29,-0.485215972,-0.348455749,-0.56845063,-0.316612423,-0.379117441,-0.665794697,1.354418554,1.432597276,1.467454188,-0.696624475,-0.713711699,-0.749776043
2020,30,-0.485215972,-0.348455749,-0.56845063,-0.316552257,-0.378913294,-0.665691997,1.66786202,1.766318692,1.788567038,-0.642331321,-0.561652519,-0.526502006
2020,31,-0.485215972,-0.348455749,-0.56845063,-0.316612423,-0.379117441,-0.665794697,1.317251349,1.298210527,1.291459677,-0.686179397,-0.692320969,-0.716620513
2020,32,-0.485215972,-0.348455749,-0.56845063,-0.316612423,-0.378553035,-0.665500292,1.092534634,1.062881715,1.094067101,-0.450508675,-0.606022098,-0.698978712
2020,33,-0.485215972,-0.348455749,-0.56845063,-0.316612423,-0.379117441,-0.665794697,1.162129823,1.149909294,1.165762421,-0.696571421,-0.713697007,-0.749666789
2020,34,-0.485215972,-0.348455749,-0.56845063,-0.316480057,-0.379117441,-0.665794697,1.182335314,1.145817873,1.112716756,-0.686562266,-0.699378991,-0.730958746
2020,35,-0.485215972,-0.348455749,-0.56845063,-0.316612423,-0.379117441,-0.665794697,1.877359351,1.860240305,1.795218435,-0.517610643,-0.493631824,-0.430655259
2020,36,-0.485215972,-0.348455749,-0.56845063,-0.316612423,-0.379109435,-0.665739924,1.812661565,1.815968514,1.738748958,-0.661965155,-0.639307997,-0.669239019
2020,37,-0.485215972,-0.348455749,-0.56845063,-0.316612423,-0.379117441,-0.665794697,1.378627761,1.399764719,1.393083602,-0.671482598,-0.691166827,-0.704080985
2020,38,-0.485215972,-0.348455749,-0.56845063,-0.316612423,-0.37900536,-0.665794697,1.098485822,1.07369519,1.066605677,-0.673203359,-0.693787605,-0.712820453
2020,39,-0.485215972,-0.348455749,-0.56845063,-0.316612423,-0.378813222,-0.665637224,1.068831124,1.014311897,0.97634294,-0.664695353,-0.706277021,-0.738125822
2020,40,-0.485215972,-0.348455749,-0.56845063,-0.316612423,-0.379029377,-0.665640648,0.963009382,0.863635728,0.810940978,-0.645979162,-0.63785887,-0.688099496
2020,41,-0.485215972,-0.348455749,-0.56845063,-0.316612423,-0.379117441,-0.665794697,0.713837641,0.716872147,0.72459274,-0.649045751,-0.687364745,-0.711065014
2020,42,-0.485215972,-0.348455749,-0.56845063,-0.316612423,-0.379117441,-0.665794697,0.75718292,0.673624651,0.628390131,-0.6759295,-0.683890704,-0.720896007
2020,43,-0.485215972,-0.348455749,-0.56845063,-0.314157646,-0.378545029,-0.665743347,0.807131812,0.718158096,0.648178341,-0.635060851,-0.641835706,-0.604855917
2020,44,-0.465146394,-0.337808981,-0.541203032,0.527096716,-0.346101703,-0.611127898,-0.023264122,-0.071549994,-0.119402026,1.738793042,1.667368953,1.955509464
2020,45,0.293696498,0.585451849,-0.027388625,-0.275266283,-0.355496458,-0.52147832,-0.218060085,-0.327232013,-0.380712683,0.07622342,0.41676388,0.855942014
2020,46,-0.27261701,-0.347811052,-0.168595473,-0.186352829,-0.371720122,-0.464004409,-0.524934002,-0.620537094,-0.670775389,0.293980304,0.306038433,0.62903458
2020,47,-0.344347041,-0.346356994,-0.305162868,-0.273738064,-0.372540712,-0.526041589,-0.663613096,-0.66971516,-0.67293857,0.371686141,0.126190991,0.256162018
2020,48,0.971320875,1.146024283,0.693142826,-0.160734106,-0.360355952,-0.534983268,-0.815835509,-0.870897823,-0.910090792,-0.062618252,-0.142600957,0.079930161
2020,49,-0.26500161,-0.348455749,-0.153610143,-0.216243344,-0.371135702,-0.357190367,-0.833645734,-0.875533048,-0.900904543,0.084814695,0.012041876,-0.005948171
2020,50,-0.485215972,-0.348455749,-0.56845063,1.926608201,-0.182604153,0.096911381,-0.739466133,-0.756494811,-0.780667558,1.853633058,1.556907089,2.158668893
2020,51,-0.104628563,-0.348455749,0.148501091,-0.073481236,-0.345813496,0.186352138,-1.059205038,-1.065544593,-1.063296004,-0.33644533,-0.521548249,-0.506515606
2020,52,-0.067909227,-0.348455749,0.217673088,-0.295722755,-0.374914419,-0.08317856,-1.087072074,-1.081300482,-1.019967834,-0.69563616,-0.712367465,-0.749532651
2021,53,-0.180653682,-0.348455749,0.005284739,-0.228493161,-0.370811469,-0.221456222,-0.726974891,-0.786206424,-0.81171963,-0.692979584,-0.7005698,-0.72454854
2021,1,0.374484671,-0.058289811,0.763267582,0.313567248,-0.31773731,-0.204100053,-0.758525089,-0.755794151,-0.766932017,0.790142693,0.593245296,0.422996977
2021,2,4.482250366,5.314564545,3.172656939,1.868487754,3.685284757,2.244797243,-1.552910686,-1.580307071,-1.577078814,4.707994607,4.691893461,4.42534738
2021,3,2.964829455,2.299372315,3.304622227,0.077523627,2.380914949,2.519925048,-1.393878557,-1.391559536,-1.356311061,1.339521802,1.528307119,1.455359775
2021,4,1.23149553,0.781251573,1.545044601,-0.141601288,0.656411077,2.309819546,-0.89870567,-0.957707763,-0.968060849,0.988658844,1.644894139,1.559847271
2021,5,0.71487107,-0.225331828,1.570161885,-0.316335659,-0.213430316,1.049138612,-0.761652782,-0.685634514,-0.627453727,-0.68814317,-0.705530115,-0.740206839
2021,6,0.783991282,0.095024862,1.382638885,0.370989768,-0.301373545,0.536303176,-1.378732153,-1.333461212,-1.300827968,2.283211792,2.029294871,1.93665749
2021,7,3.184234025,3.347366432,2.678529785,2.072125916,3.475321799,2.169994549,-1.387699087,-1.46771342,-1.482791021,-0.629384129,-0.637477892,-0.673527352
2021,8,-0.000951353,-0.237553952,0.233815405,-0.29865886,0.699954383,1.542635783,-1.170468812,-1.153385755,-1.157810751,0.680474423,0.654946339,1.039337631
2021,9,0.744043099,-0.044558942,1.445824509,-0.288201993,-0.093043761,0.959687585,-0.785296358,-0.748390117,-0.729074941,0.302275793,0.294719062,0.191517796
2021,10,0.165604121,-0.330560884,0.639818,-0.310655979,-0.259703585,0.612300604,-0.851227366,-0.75223825,-0.691652506,-0.410029955,-0.377251111,-0.457458171
2021,11,-0.075909331,-0.343621228,0.197807557,-0.116403728,-0.35035276,0.054674612,-0.632164253,-0.636881143,-0.666949552,2.194713366,2.900265696,2.695285565
2021,12,0.252983694,-0.245053103,0.719616728,-0.311269674,0.564909289,1.339979398,-1.16935857,-1.142804385,-1.136719114,0.463940588,0.404366812,0.324883247
2021,13,-0.485215972,-0.348455749,-0.56845063,-0.316612423,-0.269290478,0.241118212,-0.339148865,-0.278111917,-0.263444445,-0.483034941,-0.496654956,-0.589895805
2021,14,0.028553454,-0.327179509,0.378287866,-0.284062566,-0.143984386,0.551612207,-0.824939914,-0.796520692,-0.79614128,0.613848044,0.975265143,0.911089351
2021,15,-0.305535123,-0.348455749,-0.2299673,-0.316468024,-0.378957326,-0.423818202,0.453287081,0.543216078,0.542289119,-0.660220528,-0.618755389,-0.608995452
2021,16,-0.41194106,-0.348455749,-0.430415127,-0.316612423,-0.379101429,-0.545455166,0.408024595,0.504293615,0.504772115,-0.645364932,-0.638368741,-0.614744373
2021,17,-0.445132343,-0.348455749,-0.492940968,-0.316131094,-0.379117441,-0.610172795,0.621856961,0.671023433,0.662374371,-0.698242258,-0.713830278,-0.74978783
2021,18,-0.460615847,-0.348455749,-0.52210884,-0.314951839,-0.378781199,-0.639945301,0.668447724,0.759907475,0.777747477,-0.670555025,-0.666108933,-0.683301054
2021,19,-0.476786567,-0.348455749,-0.552571291,-0.316612423,-0.379117441,-0.656746895,0.687787516,0.859649798,0.912046838,-0.670904762,-0.638466577,-0.626761538
2021,20,-0.484030055,-0.348455749,-0.566216597,-0.316612423,-0.379117441,-0.664805361,0.565388336,0.600030753,0.62433911,-0.687621485,-0.69949152,-0.737963052
2021,21,-0.485004198,-0.348455749,-0.56805169,-0.316612423,-0.379105432,-0.665794697,0.538170653,0.59950067,0.656735548,-0.694142555,-0.707022042,-0.737364519
2021,22,-0.485215972,-0.348455749,-0.56845063,-0.314193746,-0.379093423,-0.665743347,0.618999438,0.658922714,0.680440353,-0.694327067,-0.709226188,-0.740087175
2021,23,-0.485215972,-0.348455749,-0.56845063,-0.316612423,-0.379117441,-0.665794697,0.602507521,0.666973266,0.732108584,-0.66465891,-0.686804722,-0.683003778
2021,24,-0.485215972,-0.348455749,-0.56845063,-0.315782131,-0.379105432,-0.665794697,0.772106902,0.824168404,0.870694277,-0.677349982,-0.686852028,-0.702725982
2021,25,-0.485215972,-0.348455749,-0.56845063,-0.316612423,-0.379117441,-0.665794697,1.401099436,1.396649619,1.358352059,-0.688769974,-0.686319297,-0.704436476
2021,26,-0.485215972,-0.348455749,-0.56845063,-0.316612423,-0.379021372,-0.665794697,1.169946457,1.1725502,1.195255609,-0.68756274,-0.703988041,-0.733720627
2021,27,-0.485215972,-0.348455749,-0.56845063,-0.316612423,-0.379117441,-0.665794697,1.352751176,1.33325045,1.303933822,-0.696904716,-0.711395989,-0.745873631
2021,28,-0.485215972,-0.348455749,-0.56845063,-0.316275493,-0.379117441,-0.665794697,1.382312407,1.451886866,1.513008623,-0.683593137,-0.707656792,-0.743598033
2021,29,-0.485215972,-0.348455749,-0.56845063,-0.316612423,-0.379073409,-0.665784427,1.369763612,1.334870878,1.320007052,-0.528214241,-0.542437875,-0.553091459
2021,30,-0.485215972,-0.348455749,-0.56845063,-0.316612423,-0.379021372,-0.665794697,1.629831722,1.597428019,1.550656817,-0.692974805,-0.699340128,-0.72701866
2021,31,-0.485215972,-0.348455749,-0.56845063,-0.316612423,-0.377200062,-0.664942293,1.344952011,1.215262921,1.14865209,-0.634251764,-0.62058803,-0.645443876
2021,32,-0.485215972,-0.348455749,-0.56845063,-0.316612423,-0.379117441,-0.665794697,1.237056729,1.158594485,1.1426334,-0.693799898,-0.709639383,-0.746714015
2021,33,-0.485215972,-0.348455749,-0.56845063,-0.316612423,-0.379117441,-0.665794697,1.497111001,1.506787731,1.500148075,-0.686304445,-0.688516705,-0.723991491
2021,34,-0.485215972,-0.348455749,-0.56845063,-0.316612423,-0.379117441,-0.665794697,1.256663242,1.329530001,1.387634871,-0.678830964,-0.671777025,-0.697520923
2021,35,-0.485215972,-0.348455749,-0.56845063,-0.316612423,-0.379117441,-0.665794697,1.013492232,0.974966223,0.99448927,-0.667657577,-0.70285408,-0.725984022
2021,36,-0.485215972,-0.348455749,-0.56845063,-0.316492091,-0.378617081,-0.665496869,0.735561603,0.660055683,0.661059532,-0.504514777,-0.582584091,-0.594828483
2021,37,-0.485215972,-0.348455749,-0.56845063,-0.31581823,-0.378809219,-0.665681727,0.865734476,0.782534034,0.734959786,-0.341367884,-0.335894973,-0.420314641
2021,38,-0.48042849,-0.339362572,-0.56845063,-0.316612423,-0.379117441,-0.665794697,0.66385734,0.60002007,0.581306961,-0.653675461,-0.652259963,-0.675261592
2021,39,-0.485215972,-0.348455749,-0.56845063,-0.316612423,-0.379117441,-0.665794697,0.580044657,0.520435714,0.496344292,-0.652388641,-0.682090468,-0.732475824
2021,40,-0.416074039,-0.217129954,-0.56845063,-0.311931501,-0.379117441,-0.665760463,0.778399183,0.765380153,0.718088477,-0.658751124,-0.626523058,-0.597844469
2021,41,-0.483713838,-0.346032197,-0.568024601,-0.314422377,-0.379117441,-0.665794697,0.217520857,0.137182979,0.10354234,-0.525482307,-0.608611589,-0.642015379
2021,42,-0.484199468,-0.348455749,-0.566535736,-0.300933139,-0.375438796,-0.664291864,0.229230413,0.158072274,0.089243084,-0.580030791,-0.465016938,-0.335486149
2021,43,-0.485215972,-0.348455749,-0.56845063,-0.247962909,-0.378621084,-0.664962833,0.165098364,0.058715896,0.043605228,-0.497832954,-0.37744189,-0.273199548
2021,44,-0.485215972,-0.348455749,-0.56845063,-0.316612423,-0.379117441,-0.665794697,-0.009906913,-0.114558566,-0.132510061,-0.692929124,-0.710190899,-0.743789507
2021,45,-0.485215972,-0.348455749,-0.56845063,-0.255760435,-0.37479033,-0.665555065,-0.097124686,-0.193401349,-0.255888435,-0.209838042,-0.213716695,-0.259681897
2021,46,-0.303399962,-0.184793915,-0.388265956,-0.296817778,-0.372820914,-0.559401721,-0.60088582,-0.622717646,-0.646676257,0.342507852,0.122502894,0.181722082
2021,47,2.016350325,2.032236232,1.782821669,-0.214305996,-0.365039319,-0.289395184,-0.36241075,-0.376072596,-0.349959311,0.324606053,0.30890069,0.133883564
2021,48,-0.200054005,-0.348455749,-0.031261648,-0.144477227,-0.347178477,-0.132415992,-0.786805849,-0.813972118,-0.771301827,0.229600569,0.250379795,0.090532247
2021,49,0.537527863,-0.345554662,1.355320005,0.003314767,-0.366868634,0.385222344,-0.713471366,-0.734029475,-0.730384674,0.413547827,0.186020925,0.103541112
2021,50,3.109802284,3.678631794,2.209763889,2.305028867,0.470509418,1.032621153,-1.293421925,-1.312664151,-1.326250809,3.815697028,3.283243857,2.855541345
2021,51,1.404747674,0.213280975,2.434734479,-0.155126626,0.694074156,2.176892514,-1.333163029,-1.335667079,-1.320011339,-0.653439887,-0.672958182,-0.710184212
2022,52,0.233364177,-0.286321126,0.723587318,-0.040811047,-0.014451255,1.634466008,-1.087347509,-1.071227042,-1.031721612,-0.293819896,-0.272848747,-0.372498889
2022,1,0.473522892,-0.293111848,1.18273412,-0.135512479,-0.266912769,0.832788997,-1.096055627,-1.105094916,-1.105404329,0.029995947,-0.247260534,-0.26587168
2022,2,2.759594535,2.814676398,2.406918089,3.053603378,2.897094069,2.199801288,-1.999635834,-2.041061937,-2.0504712,2.136304379,2.360962787,2.540150932
2022,3,4.413315081,5.061743862,3.29354565,4.776688117,5.170472568,2.262040443,-1.910374752,-1.981976238,-1.973301141,3.124622724,3.304562561,2.970543427
2022,4,4.660929971,5.7133295,3.113756426,7.999785784,5.425535951,2.392988804,-1.608700385,-1.695348554,-1.708940756,0.135583648,-0.172256232,-0.264222579
2022,5,3.389082771,3.472437332,2.940378339,0.974130796,4.491304264,2.501740438,-1.416636833,-1.436883757,-1.430430245,1.147723927,0.863410092,0.547751112
2022,6,1.965307589,1.652065358,2.063723171,0.03663475,3.420766575,2.292234015,-1.239021351,-1.17822259,-1.136604707,-0.611383478,-0.654079073,-0.70093305
2022,7,1.586180619,0.914467747,2.081076779,-0.074383727,1.466693649,1.942474682,-0.979023261,-0.952846091,-0.929136807,0.575797743,0.469010414,0.314112456
2022,8,0.653323903,0.107955842,1.123662247,0.199901463,0.80590656,1.806552256,-1.058484585,-1.021817612,-0.997520219,1.104650102,1.415414764,1.374293398
2022,9,2.962604739,3.76637753,1.845445908,-0.021786528,0.234375645,1.31016239,-1.17488639,-1.153958225,-1.157756745,1.839037763,1.97638038,2.042791114
2022,10,4.440041765,5.193724994,3.212993709,2.818149385,2.343928357,1.652369906,-1.939469615,-1.988737742,-1.999621986,1.423015025,1.659841375,1.744767061
2022,11,-0.485215972,-0.348455749,-0.56845063,1.263613942,-0.083961231,-0.384162607,-1.743438837,-1.71563739,-1.721023634,1.219206975,1.183906414,1.444048651
2022,12,2.726031782,2.780418662,2.377669519,-0.020583206,2.027088558,1.794464557,-0.769575407,-0.761359107,-0.76305076,-0.558411987,-0.590557156,-0.643370935
2022,13,-0.472238259,-0.348455749,-0.544003175,-0.310319049,0.17968032,0.910388533,0.146575093,0.194994247,0.171240019,-0.692521946,-0.705845606,-0.74306292
2022,14,0.028039064,-0.251765835,0.30252308,-0.316612423,-0.236150651,0.238807479,-0.463856636,-0.365316381,-0.306846215,-0.66813497,-0.69466721,-0.735429449
2022,15,-0.274571506,-0.333947747,-0.186027075,-0.306035223,-0.346417931,-0.105857972,-0.011741341,0.064163847,0.099398921,-0.671517805,-0.673346425,-0.665123342
2022,16,-0.380676253,-0.347166153,-0.37279742,-0.316058895,-0.375078537,-0.342367445,0.46543812,0.513783974,0.466599423,-0.518913763,-0.339513011,-0.227377699
2022,17,-0.432605005,-0.348455749,-0.469341931,-0.316612423,-0.378969334,-0.529992086,0.088890572,0.073558452,0.076264619,-0.268333332,-0.281974905,-0.314315009
2022,18,-0.444368873,-0.348455749,-0.49150274,-0.312027766,-0.378745173,-0.574895611,-0.058037358,-0.06691718,-0.102418786,-0.637080817,-0.621185784,-0.623695366
2022,19,-0.473641865,-0.344916218,-0.550157823,-0.316359725,-0.379117441,-0.616742123,0.405928277,0.425314355,0.403983565,-0.56992408,-0.538635927,-0.458193464
2022,20,-0.482417257,-0.348455749,-0.563178403,-0.316612423,-0.379117441,-0.642841419,0.562441802,0.536847767,0.515607093,-0.510469484,-0.471987236,-0.53059307
2022,21,-0.48368981,-0.348455749,-0.565575641,-0.316612423,-0.379117441,-0.659957957,1.009753273,1.123648548,1.146233919,-0.672750136,-0.651094644,-0.669153746
2022,22,-0.485131261,-0.348455749,-0.568291052,-0.31622736,-0.379117441,-0.665140845,0.799889297,0.851468223,0.870611,-0.689310526,-0.696369335,-0.720891005
2022,23,-0.468566586,-0.317155385,-0.568130373,-0.315746031,-0.379049392,-0.665455789,0.853413177,0.890348183,0.917956533,-0.436872915,-0.50117036,-0.586299812
2022,24,-0.485215972,-0.348455749,-0.56845063,-0.316612423,-0.379117441,-0.665794697,0.932324484,0.999108722,1.071512709,-0.684998301,-0.705838016,-0.739929945
2022,25,-0.485215972,-0.348455749,-0.56845063,-0.313929015,-0.379117441,-0.655333069,0.838148339,0.799199631,0.788172656,-0.371651022,-0.329875428,-0.34888626
2022,26,-0.485215972,-0.348455749,-0.56845063,-0.314819473,-0.379117441,-0.665794697,1.098480978,1.096463389,1.094319342,-0.695849747,-0.711650988,-0.74740056
2022,27,-0.485215972,-0.348455749,-0.56845063,-0.311353906,-0.379117441,-0.665794697,1.058604063,1.087983659,1.138992175,-0.692424608,-0.713168067,-0.749386656
2022,28,-0.485215972,-0.348455749,-0.56845063,-0.316612423,-0.379117441,-0.665794697,1.30347386,1.320344559,1.357192004,-0.696508595,-0.713660323,-0.749579678
2022,29,-0.485215972,-0.348455749,-0.56845063,-0.315998729,-0.379117441,-0.665794697,1.416194737,1.40634884,1.399529879,-0.696935601,-0.712111166,-0.746668078
2022,30,-0.485215972,-0.348455749,-0.56845063,-0.316612423,-0.379117441,-0.665794697,1.472862165,1.577799284,1.614565622,-0.681961532,-0.67831716,-0.692575359
2022,31,-0.485215972,-0.348455749,-0.56845063,-0.316612423,-0.379117441,-0.665794697,1.176090154,1.250596956,1.394815362,-0.681438613,-0.709582607,-0.745235583
2022,32,-0.485215972,-0.348455749,-0.56845063,-0.316612423,-0.379117441,-0.665794697,1.15048449,1.242547198,1.345096919,-0.686499858,-0.712389031,-0.749008728
2022,33,-0.485215972,-0.348455749,-0.56845063,-0.316335659,-0.379009363,-0.665794697,1.187299251,1.151030619,1.129942528,-0.66263521,-0.674332247,-0.711627419
2022,34,-0.485215972,-0.348455749,-0.56845063,-0.316612423,-0.379117441,-0.665794697,1.732126945,1.78229517,1.727194643,-0.633289756,-0.629272724,-0.606369418
2022,35,-0.485215972,-0.348455749,-0.56845063,-0.316612423,-0.379073409,-0.665770733,1.24738208,1.300341342,1.318482617,-0.646880402,-0.64951782,-0.667454186
2022,36,-0.485215972,-0.348455749,-0.56845063,-0.316612423,-0.379021372,-0.665794697,1.00227345,1.029710906,1.068126403,-0.662572535,-0.705955054,-0.742396556
2022,37,-0.485215972,-0.348455749,-0.56845063,-0.316612423,-0.379085418,-0.665794697,0.847975147,0.838183586,0.855655189,-0.442613623,-0.441202016,-0.496873273
2022,38,-0.485215972,-0.348455749,-0.56845063,-0.316612423,-0.379117441,-0.665794697,0.878859854,0.827656041,0.795638875,-0.69759907,-0.713765444,-0.749778577
2022,39,-0.485215972,-0.348455749,-0.56845063,-0.316612423,-0.379117441,-0.665794697,0.905983066,0.906742322,0.901991237,-0.588731795,-0.615863284,-0.542271023
2022,40,-0.485215972,-0.348455749,-0.56845063,-0.316612423,-0.379057398,-0.665794697,0.389401344,0.348348606,0.336142266,-0.590440238,-0.606645309,-0.608874831
2022,41,-0.483774228,-0.346362014,-0.567811249,-0.316612423,-0.379117441,-0.665794697,0.342429862,0.276507793,0.251143584,-0.11000991,-0.068199067,0.029935554
2022,42,-0.475132863,-0.332179994,-0.565598438,-0.309248093,-0.370070937,-0.659581393,0.306531702,0.180208893,0.113108336,-0.215468238,-0.213159177,-0.027873836
2022,43,-0.484198309,-0.346522835,-0.56845063,-0.31271366,-0.367817316,-0.636905404,0.042625912,-0.057811405,-0.124557628,-0.503487544,-0.403731875,-0.31488796
2022,44,-0.458240119,-0.347331794,-0.518748183,-0.277672927,-0.377532301,-0.639099744,-0.303802171,-0.366794133,-0.4204261,0.276002434,-0.054806325,0.072820284
2022,45,-0.387573542,-0.226964614,-0.505007229,-0.218601855,-0.354908035,-0.591057046,-0.36048013,-0.460374343,-0.513214993,0.135424462,0.319048313,0.388311184
2022,46,-0.485215972,-0.348455749,-0.56845063,0.474126487,-0.30976758,-0.604582534,-0.448845329,-0.496004691,-0.489626073,0.648581967,0.509169236,0.458285378
2022,47,0.462891358,0.3788935,0.496207094,0.140433295,-0.350184639,-0.171160987,-0.641686769,-0.688653587,-0.677318387,0.724092484,0.765354711,0.580251145
2022,48,-0.388651582,-0.348455749,-0.386542339,-0.083167977,-0.345753453,-0.377788408,-0.801354015,-0.82581987,-0.836147168,-0.352072212,-0.390284867,-0.19604696
2022,49,-0.370036659,-0.348455749,-0.35147549,-0.28295551,-0.370531268,-0.452279581,-0.694610199,-0.696985311,-0.689711531,-0.30547781,-0.197753485,-0.085471077
2022,50,0.86339587,0.902062336,0.731796433,-0.282317749,-0.36719687,-0.246473754,-0.88429342,-0.860464911,-0.815972599,-0.165591633,-0.262255327,-0.183087582
2022,51,-0.465467735,-0.347591921,-0.532105593,-0.163922909,-0.177712636,1.079506773,-1.202454795,-1.177525824,-1.179201297,0.28117105,0.10484246,0.330661039
2022,52,0.05082859,-0.344505699,0.437434064,-0.198867376,-0.361064461,0.153645857,-1.12584534,-1.149071473,-1.154834168,-0.441700039,-0.430642049,-0.52891195
2023,1,0.231794236,-0.348133703,0.781935978,-0.011353727,-0.327536355,0.698567954,-1.224642028,-1.218405701,-1.214553762,0.009114025,-0.133494045,-0.057214796
2023,2,0.262390607,-0.343937264,0.83541146,-0.15577642,-0.29295149,0.861904228,-1.191936519,-1.178514764,-1.142622932,0.071987996,0.176680597,0.441169575
2023,3,-0.003595225,-0.347488636,0.337868812,-0.283653436,-0.372364586,0.214522535,-1.011858675,-1.001565161,-1.014221172,-0.676729229,-0.676238372,-0.676512294
2023,4,0.281873314,0.172621986,0.359786191,3.002678796,1.580839717,0.312052568,-1.314453514,-1.357186307,-1.39613704,3.283236953,2.933721066,3.036263631
2023,5,4.170504754,5.006262628,2.891165467,10.51744803,2.873164864,1.36937534,-1.859585306,-1.955409111,-1.984941143,5.357544584,5.844423024,5.811377746
2023,6,4.375681292,5.281374534,3.004819862,2.105289467,5.602503186,2.557215137,-1.832402056,-1.913779604,-1.957657685,-0.472655442,-0.478321685,-0.419976394
2023,7,3.718058439,3.926996736,3.109268708,0.048078341,4.011319167,2.662899488,-1.261325913,-1.193942137,-1.174230311,-0.590174724,-0.620651547,-0.677339955
2023,8,1.629784024,0.980884881,2.097344055,-0.291763826,1.306262303,1.961337107,-0.530860047,-0.559821117,-0.599800724,-0.659728656,-0.690527696,-0.728147724
2023,9,-0.332997695,-0.318423621,-0.311487438,-0.289501581,0.162367873,1.054502934,-0.744441505,-0.718390756,-0.728731761,-0.313776304,-0.29727761,-0.301310118
2023,10,0.442652436,-0.238920037,1.070832467,-0.28288331,-0.197847112,0.767951552,-0.694858733,-0.680320796,-0.698512568,0.790466153,0.875391341,1.183840716
2023,11,-0.154307812,-0.321503566,0.028183819,-0.262535137,-0.361949097,-0.158138725,-0.867112734,-0.869745336,-0.882795143,1.546803233,1.33364549,1.423313131
2023,12,0.036813591,-0.146373127,0.214523381,-0.271644284,-0.370303103,0.030841545,-0.913447215,-0.907312854,-0.89254658,0.224100473,0.535138599,0.716615184
2023,13,-0.305912765,-0.347811069,-0.2313181,-0.316612423,-0.343127565,0.068080285,-0.540492766,-0.514305443,-0.50583761,-0.678201248,-0.694159085,-0.716104112
2023,14,1.139066793,2.001864266,0.160315393,-0.20762756,0.240195829,1.017801654,-0.421460728,-0.426127257,-0.445876905,2.003064747,1.677815784,1.429070266
2023,15,0.290347838,-0.165171396,0.710776216,-0.311895401,-0.352734472,-0.026146256,-0.011080047,-0.024748214,-0.064361811,-0.437785209,-0.273815173,-0.089787173
2023,16,-0.411656191,-0.348455749,-0.429878491,-0.314374244,-0.378801213,-0.503923599,-0.319428891,-0.257239326,-0.239611018,-0.53655125,-0.539208619,-0.537390287
2023,17,-0.168273682,-0.059205546,-0.258274026,-0.301342268,-0.377848528,-0.330132544,-0.182824164,-0.216250262,-0.225897764,0.210622928,0.200188297,0.064045686
2023,18,-0.449200667,-0.348455749,-0.500604889,-0.312569261,-0.377820508,-0.583494959,0.071318966,0.090681201,0.070397656,-0.184966686,-0.012045524,0.176092479
2023,19,-0.467054152,-0.348455749,-0.534237338,-0.315685865,-0.379117441,-0.623177941,0.3751102,0.433211308,0.482651649,-0.671723494,-0.695185553,-0.727466965
2023,20,-0.478143649,-0.346366642,-0.557199757,-0.316576323,-0.379117441,-0.646815879,0.333137634,0.335296692,0.317547968,-0.470830775,-0.470329688,-0.358065033
2023,21,-0.482928944,-0.348134752,-0.564460687,-0.236254587,-0.341218192,-0.635180057,0.668826887,0.587551416,0.507804112,0.406531663,0.776145342,1.507249431
2023,22,-0.189008771,0.10690365,-0.46208304,-0.306456386,-0.379085418,-0.665657764,0.705526207,0.753674087,0.739957853,-0.615038638,-0.528321732,-0.513227189
2023,23,-0.485215972,-0.348455749,-0.56845063,-0.316143127,-0.378717153,-0.665770733,0.639033583,0.659697513,0.661667686,-0.66459638,-0.646927364,-0.646677906
2023,24,-0.485215972,-0.348455749,-0.56845063,-0.316612423,-0.379101429,-0.665794697,0.738804786,0.774186321,0.824727739,-0.64767414,-0.696859777,-0.728652635
2023,25,-0.485215972,-0.348455749,-0.56845063,-0.315986695,-0.379117441,-0.665794697,0.966225663,1.041589974,1.08783272,-0.694862079,-0.713527202,-0.749438766
2023,26,-0.485215972,-0.348455749,-0.56845063,-0.316612423,-0.379117441,-0.665794697,1.096264951,1.183828002,1.216931572,-0.691888414,-0.713557142,-0.749684453
2023,27,-0.485215972,-0.348455749,-0.56845063,-0.316612423,-0.379117441,-0.665794697,1.342546471,1.324018398,1.299328226,-0.690547667,-0.710937574,-0.74567838
2023,28,-0.485215972,-0.348455749,-0.56845063,-0.316612423,-0.379117441,-0.665794697,1.56628048,1.581128565,1.571276183,-0.69724968,-0.713723566,-0.749653124
2023,29,-0.485215972,-0.348455749,-0.56845063,-0.315649765,-0.379117441,-0.665794697,1.62268393,1.608454388,1.574851193,-0.697789604,-0.713653763,-0.749573068
2023,30,-0.485215972,-0.348455749,-0.56845063,-0.316612423,-0.379117441,-0.665794697,1.335027642,1.352035527,1.381482417,-0.692770178,-0.71009079,-0.743648137
2023,31,-0.485215972,-0.348455749,-0.56845063,-0.316119061,-0.379117441,-0.665794697,1.321133402,1.405214956,1.47241827,-0.687451232,-0.710748666,-0.748063654
2023,32,-0.458161704,-0.297069809,-0.56845063,-0.316263459,-0.375014491,-0.66050911,1.878597356,1.990935377,1.992265384,-0.629166559,-0.635978228,-0.646538486
2023,33,-0.485215972,-0.348455749,-0.56845063,-0.315806197,-0.379117441,-0.665794697,1.467418277,1.618308258,1.679731189,-0.674735852,-0.697235304,-0.72604208
2023,34,-0.479942829,-0.338762876,-0.568130523,-0.313965115,-0.378168759,-0.66534282,1.176628731,1.125423635,1.135284328,-0.533691399,-0.625819174,-0.702210135
2023,35,-0.485215972,-0.348455749,-0.56845063,-0.316612423,-0.379117441,-0.665794697,1.228347722,1.252106167,1.289140639,-0.687713237,-0.70646611,-0.736869228
2023,36,-0.485215972,-0.348455749,-0.56845063,-0.316480057,-0.377396203,-0.665154538,1.065602945,0.970165467,0.926601818,-0.625161646,-0.638886003,-0.66284972
2023,37,-0.485215972,-0.348455749,-0.56845063,-0.316612423,-0.379117441,-0.665794697,1.001482719,0.983364955,0.947454536,-0.582783092,-0.608865485,-0.531900683
2023,38,-0.485215972,-0.348455749,-0.56845063,-0.316612423,-0.379117441,-0.665794697,1.162701661,1.126645081,1.068678137,-0.696707013,-0.713847708,-0.749842004
2023,39,-0.485215972,-0.348455749,-0.56845063,-0.282197417,-0.377528298,-0.66577758,0.586211219,0.476130949,0.437612404,-0.1642013,-0.288108378,-0.305993384
2023,40,-0.485215972,-0.348455749,-0.56845063,-0.136751901,-0.340986025,-0.652947023,0.582675939,0.541759425,0.505246716,-0.279312495,-0.187882965,0.050318312
2023,41,-0.485215972,-0.348455749,-0.56845063,-0.018140463,-0.36200914,-0.6569386,0.191340354,0.121831902,0.105758672,1.094954853,0.902464224,0.6144743
2023,42,-0.485215972,-0.348455749,-0.56845063,-0.313832749,-0.377848528,-0.665589298,0.683910884,0.568598695,0.502455495,-0.662952811,-0.655902233,-0.64995254
2023,43,0.356857113,0.704569269,-0.026547904,-0.260537623,-0.37232856,-0.657975862,0.657896485,0.523796027,0.44093724,-0.427831171,-0.312199539,-0.155976831
2023,44,-0.485215972,-0.348455749,-0.56845063,-0.316612423,-0.379117441,-0.665794697,0.360753508,0.363365782,0.356825012,-0.687740351,-0.709448204,-0.743178825
2023,45,-0.484764206,-0.348455749,-0.567599592,-0.300247245,-0.37704395,-0.659999037,0.104349334,0.036765185,0.0152635,0.281179972,0.107357591,0.31031938
2023,46,0.183021882,-0.348455749,0.690377875,0.075129017,-0.338204025,-0.185347174,-0.531192829,-0.591455967,-0.58542347,3.379251052,3.323545216,3.139047686
2023,47,-0.285150071,-0.345678553,-0.194320317,0.004879085,-0.344160307,0.048344917,-0.675233557,-0.703245337,-0.672044704,0.937638187,1.042486265,0.905751136
2023,48,-0.258486906,-0.276501043,-0.212702875,-0.251572875,-0.359415275,-0.242269932,-0.414443282,-0.434571754,-0.415836376,0.213286889,0.196827784,0.294319014
2023,49,-0.426390115,-0.348455749,-0.457634301,0.619920967,-0.318357756,-0.212452923,-0.745865419,-0.770147837,-0.741419292,0.378264943,-0.033319935,-0.033018015
2023,50,-0.485215972,-0.348455749,-0.56845063,0.046887052,-0.353487013,-0.316894613,-0.864219509,-0.854510168,-0.793598434,1.129648222,1.035642664,0.54598924
2023,51,0.324219111,-0.348455749,0.956365646,0.281955982,-0.320711448,0.592140746,-0.796704089,-0.815732303,-0.785648984,1.278483979,0.742884714,0.544506001
2023,52,-0.288148318,-0.337484321,-0.208095518,0.031051336,-0.330342373,0.037506725,-0.87029171,-0.869746816,-0.849026029,-0.115790482,-0.150531137,-0.317452443
2024,1,-0.413988764,-0.259977047,-0.522026356,1.087748449,-0.276695802,-0.054611058,-0.864230582,-0.875779591,-0.857535359,2.12933177,1.513130267,1.029453256
2024,2,0.890673181,-0.113839019,1.79075914,0.171731698,0.145647852,2.177046563,-1.042345533,-1.042915646,-1.05400431,2.068005118,1.72946401,1.617364789
2024,3,0.883602312,-0.253177215,1.915635551,0.696729002,-0.060496361,1.866460138,-0.94636412,-0.928386361,-0.944656652,2.452177541,1.791431371,1.500265675
2024,4,-0.476180568,-0.348455749,-0.551429709,2.401535282,1.848636255,1.359149921,-1.618667428,-1.64863065,-1.675181182,1.922528847,1.795084137,1.851036431
2024,5,1.540107714,0.603587886,2.302617182,0.070905357,1.135299385,2.502089615,-1.125977845,-1.111780572,-1.09649748,0.751589159,0.480570259,0.352860379
2024,6,-0.484106696,-0.348455749,-0.566360973,-0.176557789,0.453521204,2.123625848,-0.989561619,-0.997513636,-0.985206663,0.663220125,0.274602102,0.372302527
2024,7,2.113838672,1.526208181,2.468352453,0.210141732,0.021042263,1.838512255,-1.128224435,-1.103216051,-1.098324534,0.464422393,0.155690175,0.029300908
2024,8,0.765642841,-0.249795685,1.690069316,-0.270489095,-0.164371044,1.444410819,-1.028352519,-1.022047069,-1.006342107,-0.533918677,-0.34513573,-0.255367933
2024,9,0.648960531,-0.288289124,1.508440869,0.003820162,-0.27645563,1.170477748,-0.88176513,-0.873005851,-0.884015567,0.617984366,0.576192909,0.198190998
2024,10,0.200391742,-0.25553453,0.630939396,-0.23076744,-0.328388968,0.852421666,-0.822766467,-0.800825731,-0.781346293,-0.15754533,-0.087687646,-0.211941561
2024,11,0.029502942,-0.053007005,0.108150428,0.000872023,-0.327396255,0.444082694,-0.833816576,-0.842873292,-0.841618061,1.73532821,1.870300614,1.756957082
2024,12,0.02366599,-0.347166153,0.38890373,-0.180721282,-0.364126663,0.321138026,-0.559343913,-0.570544524,-0.577738456,-0.322939114,-0.163538203,-0.114694534
2024,13,-0.06997423,-0.347166111,0.212503957,-0.316612423,-0.378108715,0.03323786,0.178578048,0.195323632,0.176448555,-0.613964979,-0.5061824,-0.474454559
2024,14,-0.470695254,-0.345204289,-0.544321277,-0.223968671,-0.360884332,-0.18004447,-0.4868431,-0.49848707,-0.51334608,1.276025042,1.657970839,1.929727685
2024,15,-0.390403254,-0.347811917,-0.3904807,-0.315336902,-0.378565044,-0.332480933,0.003182654,0.004703284,-0.00496038,-0.522847114,-0.455115747,-0.431029547
2024,16,-0.399865124,-0.348455749,-0.407666443,-0.316504124,-0.379117441,-0.463655232,0.505200639,0.517721303,0.526752892,-0.657323188,-0.655143181,-0.645628576
2024,17,-0.13270458,0.055735895,-0.305268518,-0.302665922,-0.376939875,-0.609022564,0.283821373,0.284842147,0.275207906,0.890347599,1.828914304,2.400535674
2024,18,-0.451848763,-0.348455749,-0.50559338,-0.087909065,-0.3789213,-0.567357488,-0.017056817,-0.083854397,-0.098302471,0.070248041,-0.034828207,-0.202960333
2024,19,-0.455518649,-0.348455749,-0.512506723,-0.31615516,-0.378781199,-0.62370513,0.029460865,0.031381911,0.047752513,0.218508746,0.356400108,0.090323391
2024,20,-0.477006019,-0.341312766,-0.560069154,-0.309284192,-0.378352891,-0.647764136,0.743179003,0.747244142,0.735264223,-0.66994106,-0.669821652,-0.684514838
2024,21,-0.485046515,-0.348455749,-0.568131407,-0.316612423,-0.379045389,-0.663223793,0.404306309,0.43952489,0.510014838,-0.514240511,-0.495594825,-0.511427146
2024,22,-0.485215972,-0.348455749,-0.56845063,-0.316612423,-0.379117441,-0.66572623,1.480623999,1.516099284,1.485369928,-0.667247058,-0.670525898,-0.657817644
2024,23,-0.485215972,-0.348455749,-0.56845063,-0.316612423,-0.379117441,-0.665794697,1.400941772,1.392058955,1.356413088,-0.605572203,-0.549374401,-0.461594522
2024,24,-0.485215972,-0.348455749,-0.56845063,-0.316612423,-0.379117441,-0.665794697,1.471892981,1.582546763,1.608574934,-0.654285405,-0.603753921,-0.567475606
2024,25,-0.485215972,-0.348455749,-0.56845063,-0.316612423,-0.379085418,-0.665794697,1.334118133,1.357059203,1.363105391,-0.636681201,-0.628061404,-0.647002805
2024,26,-0.485215972,-0.348455749,-0.56845063,-0.316612423,-0.379117441,-0.665794697,1.241868908,1.209130916,1.209757668,-0.642920878,-0.600017428,-0.599758009
2024,27,-0.485215972,-0.348455749,-0.56845063,-0.316431924,-0.379081415,-0.665722807,1.409876934,1.358815109,1.340197148,-0.644823282,-0.619208717,-0.626238166
2024,28,-0.485215972,-0.348455749,-0.56845063,-0.31619126,-0.379117441,-0.665794697,1.406855074,1.352712018,1.344146399,-0.648605101,-0.699031007,-0.734632713
2024,29,-0.485215972,-0.348455749,-0.56845063,-0.315613666,-0.379117441,-0.665794697,1.498935624,1.429518188,1.423158295,-0.692608172,-0.712592397,-0.748429628
2024,30,-0.485215972,-0.348455749,-0.56845063,-0.316612423,-0.379117441,-0.665794697,1.441649505,1.37580111,1.368900323,-0.692075894,-0.713299901,-0.749369115
2024,31,-0.485215972,-0.348455749,-0.56845063,-0.316612423,-0.379117441,-0.665794697,1.361682548,1.3674993,1.378282884,-0.697111901,-0.714020698,-0.749999906
2024,32,-0.485215972,-0.348455749,-0.56845063,-0.316612423,-0.379117441,-0.665794697,1.387866276,1.386186904,1.40209801,-0.688738386,-0.70376678,-0.742676452
2024,33,-0.485215972,-0.348455749,-0.56845063,-0.316612423,-0.379117441,-0.665794697,1.433143018,1.455283681,1.462130001,-0.674136069,-0.687647087,-0.713706636
2024,34,-0.485215972,-0.348455749,-0.56845063,-0.316612423,-0.379117441,-0.665794697,1.197849372,1.135484523,1.163782812,-0.644481556,-0.632458477,-0.630956062
2024,35,-0.485215972,-0.348455749,-0.56845063,-0.316516157,-0.378653107,-0.665794697,1.028638938,0.959806355,0.98807786,-0.610440043,-0.647344421,-0.698623797
2024,36,-0.485215972,-0.348455749,-0.56845063,-0.316612423,-0.379117441,-0.665794697,1.210179659,1.150552887,1.121427119,-0.562257506,-0.544811223,-0.545702146
2024,37,-0.485215972,-0.348455749,-0.56845063,-0.316612423,-0.37894932,-0.665794697,0.773264231,0.684291373,0.743762877,-0.558580878,-0.652512227,-0.711315021
2024,38,-0.485215972,-0.348455749,-0.56845063,-0.316612423,-0.378697139,-0.665784427,0.803553163,0.753268996,0.732723784,-0.411309759,-0.49145157,-0.547522987
2024,39,-0.485215972,-0.348455749,-0.56845063,-0.316347692,-0.379065403,-0.665794697,0.716838549,0.710955844,0.742524368,-0.504091451,-0.552947049,-0.580598362
2024,40,-0.485215972,-0.348455749,-0.56845063,-0.316612423,-0.379117441,-0.665794697,0.869225499,0.898631915,0.87470477,-0.570514774,-0.623615099,-0.617512803
2024,41,-0.485215972,-0.348455749,-0.56845063,-0.316612423,-0.379077412,-0.665794697,0.642935191,0.614486444,0.606601145,-0.537211044,-0.547532487,-0.510628683
2024,42,-0.485215972,-0.348455749,-0.56845063,-0.316612423,-0.379117441,-0.665794697,-0.130659359,-0.238093155,-0.267737307,-0.696812216,-0.712947254,-0.747884792
2024,43,-0.485046311,-0.348133501,-0.56845063,-0.314711174,-0.376323432,-0.665507139,0.049669807,-0.040698658,-0.084201213,-0.578029453,-0.521102055,-0.506230934
2024,44,-0.483690973,-0.348455749,-0.565577833,-0.308899129,-0.375258666,-0.659197983,-0.110459986,-0.210779927,-0.267055131,-0.182217163,-0.291852919,-0.327703293
2024,45,-0.485215972,-0.348455749,-0.56845063,-0.313555985,-0.377484267,-0.646490665,-0.204997423,-0.260144916,-0.293563777,-0.384790977,-0.493100173,-0.484430147
2024,46,-0.299104698,-0.348133031,-0.218173719,0.821116386,-0.194156459,-0.397551163,-0.491071649,-0.545664895,-0.577719523,0.461467348,0.072758379,-0.114531295
2024,47,-0.211548752,-0.255430221,-0.145178816,-0.033530949,-0.244784859,-0.125843242,-1.067649018,-1.090025976,-1.108261375,0.201770224,0.190197443,0.265185526
2024,48,-0.173724486,-0.340082007,0.010032848,-0.276746369,-0.352510311,-0.154972166,-0.973025021,-0.924040645,-0.895463657,-0.632689705,-0.669152828,-0.69886903
2024,49,-0.393406371,-0.348455749,-0.395499425,-0.081218596,-0.366604444,-0.44887339,-0.666009426,-0.648666138,-0.618287095,-0.547400692,-0.609108333,-0.6334935
2024,50,-0.391510224,-0.348455749,-0.391927457,-0.188254077,-0.353034688,-0.477957811,-1.109042806,-1.073040889,-1.043794244,-0.61237364,-0.665895488,-0.702521954
2024,51,-0.103006205,-0.345088326,0.14821746,0.190455386,-0.321528035,-0.060355368,-1.020444417,-1.03270437,-1.040827894,0.655528027,0.664323545,0.870005598
2024,52,1.776918343,0.55248845,2.799402524,1.075257968,0.622706844,2.000842076,-1.326826437,-1.297811241,-1.275849465,0.380069736,-0.025596439,0.066592203
2025,1,0.577753408,-0.188716401,1.275543796,-0.056526431,-0.057662323,1.261571962,-1.038371393,-0.976355449,-0.947424369,-0.672912022,-0.680174764,-0.710894673
2025,2,0.250641681,-0.323478921,0.792988077,-0.085815285,-0.309959718,0.483515774,-0.9548004,-0.979575088,-0.994477673,-0.534261039,-0.584668999,-0.555539712
2025,3,0.034403443,-0.342347616,0.404351922,-0.046346328,-0.333100356,0.180477742,-1.145141948,-1.134251281,-1.123317563,-0.262864858,-0.307033887,-0.202579958
2025,4,0.016263926,-0.345868119,0.373672302,0.423153772,-0.276391584,0.180768723,-1.15276571,-1.164156427,-1.189581755,-0.252909857,-0.038725211,0.17501963
2025,5,-0.485215972,-0.348455749,-0.56845063,1.051925556,-0.084201404,0.560731899,-1.294980269,-1.241862535,-1.218450363,1.763152,1.684309369,1.462190441
2025,6,2.797257991,2.814672004,2.477872979,2.165275063,2.334081277,2.078958531,-1.677977205,-1.710308001,-1.739389521,1.164296279,1.208148118,1.259833941
2025,7,2.027990597,1.079057917,2.750118153,0.010221834,1.632660975,2.110425574,-1.322475152,-1.346655725,-1.391426019,0.913276798,1.14437311,1.117879426
2025,8,1.601994291,1.010127858,2.015990296,0.539105869,1.259752864,1.905376298,-1.992409927,-1.97635028,-2.036221263,-0.50936016,-0.463918723,-0.429221369
2025,9,-0.478587661,-0.348455749,-0.555964197,-0.258179112,0.446055837,1.427393557,-1.035613933,-1.046351237,-1.069792021,-0.259294003,-0.104288492,-0.061369155
2025,10,0.212214761,-0.193912046,0.592094053,-0.292979181,-0.177576538,0.485278777,-0.485626669,-0.492007953,-0.529275149,-0.631813284,-0.608114647,-0.590514696
2025,11,-0.165046289,-0.344597731,0.030859588,-0.259611065,-0.366652479,-0.179274226,-0.448897189,-0.44139463,-0.475328443,1.415059795,1.372247326,1.376098915
2025,12,0.914149462,0.340803042,1.384066852,-0.283677503,0.193798471,0.730688849,-0.393372318,-0.353108599,-0.387754986,-0.655296632,-0.668878358,-0.692962684
2025,13,-0.389115108,-0.327529328,-0.408170491,-0.306961781,-0.37736418,-0.497196799,-0.411936241,-0.421233193,-0.426233693,-0.1295032,0.286075598,0.604856394
2025,14,-0.295459146,-0.268350159,-0.290435393,-0.292305321,-0.378737167,-0.585210037,-0.336005428,-0.332605712,-0.362412675,-0.182582326,-0.036036454,-0.110006001
2025,15,-0.254892053,-0.277009685,-0.205426404,-0.262258373,-0.307225753,0.035267882,-0.694057825,-0.71624683,-0.748061422,0.540417247,0.916903956,1.129887397
2025,16,-0.432887366,-0.348455749,-0.469873842,-0.299128156,-0.377136016,-0.576662038,0.293417449,0.390195423,0.39925052,-0.659421298,-0.67440706,-0.686244631
2025,17,-0.446583631,-0.285220034,-0.558392505,-0.272655074,-0.369998885,-0.645224041,-0.04001054,0.022948238,0.020689884,-0.065686488,0.044049996,0.281893922
2025,18,-0.449201735,-0.301834973,-0.546845694,-0.315373001,-0.378929305,-0.664322674,0.167915904,0.19314153,0.154389648,-0.260561723,-0.040413627,-0.063778045
2025,19,-0.470250001,-0.325845764,-0.56268242,-0.316167194,-0.377548313,-0.665781003,0.523344061,0.488494139,0.453520107,-0.447728212,-0.328476625,-0.222492552
2025,20,-0.485215972,-0.348455749,-0.56845063,-0.31622736,-0.379117441,-0.665794697,0.810997129,0.949215664,0.97142859,-0.686209417,-0.680702695,-0.689061454
2025,21,-0.485215972,-0.348455749,-0.56845063,-0.288984152,-0.378765187,-0.665647494,0.689174299,0.730794216,0.746541701,-0.667594709,-0.685933615,-0.697866812
2025,22,-0.485215972,-0.348455749,-0.56845063,-0.316612423,-0.379117441,-0.665794697,-2.441033876,1.015369355,0.903532775,-0.670660244,-0.688424941,-0.698055462