week_start,snow_low_km2 MODIS,snow_mid_km2 MODIS,snow_high_km2 MODIS
2016-10-01,0,0,0
2016-10-08,0.012,0,0
2016-10-15,0,0,0
2016-10-22,0.319,2,0.428
2016-10-29,13.756,9.002,5.097
2016-11-05,0.598,0.357,0.047
2016-11-12,0.938,0.204,0.216
2016-11-19,0.953,0.095,0
2016-11-26,150.354,96.933,80.99
2016-12-03,5.855,100.781,831.774
2016-12-10,142.749,337.897,714.53
2016-12-17,109.249,589.757,919.036
2016-12-24,103.019,686.439,874.752
2016-12-31,96.468,621.182,833.634
2017-01-07,377.093,930.202,866.172
2017-01-14,10.659,380.059,819.545
2017-01-21,49.852,264.477,736.394
2017-01-28,665.553,"1,378.341",859.017
2017-02-04,59.795,830.421,884.879
2017-02-11,35.354,422.481,798.951
2017-02-18,2.061,342.412,743.899
2017-02-25,1.397,187.557,649.199
2017-03-04,0.109,107.299,570.674
2017-03-11,45.364,21.233,268.555
2017-03-18,2.302,11.236,418.754
2017-03-25,1.15,6.281,283.631
2017-04-01,1.323,0.761,188.484
2017-04-08,0.425,0.648,79.499
2017-04-15,0.104,0.039,62.946
2017-04-22,0,0.002,38.505
2017-04-29,0.058,0.362,24.702
2017-05-06,0,0,11.982
2017-05-13,0,0,4.806
2017-05-20,0,0.004,1.995
2017-05-27,0,0.003,0.031
2017-06-03,0,0,0
2017-06-10,0.011,0,0.159
2017-06-17,0.07,0,0
2017-06-24,0,0,0
2017-07-01,0,0,0
2017-07-08,0,0,0
2017-07-15,0,0,0
2017-07-22,0,0.006,0
2017-07-29,0,0,0
2017-08-05,0,0,0
2017-08-12,0,0,0
2017-08-19,0.035,0.02,0.006
2017-08-26,0.033,0,0
2017-09-02,0,0,0
2017-09-09,0,0.009,0
2017-09-16,0,0,0
2017-09-23,0,0,0
2017-09-30,0,0.139,0.007
2017-10-07,3.594,4.557,10.474
2017-10-14,0.499,0.4,0.196
2017-10-21,0.006,0,0
2017-10-28,29.805,1.461,0.604
2017-11-04,0.484,0.672,0.131
2017-11-11,0.003,0,0
2017-11-18,27.617,10.177,69.605
2017-11-25,51.129,1.599,130.422
2017-12-02,28.205,160.297,298.505
2017-12-09,1.202,115.219,537.248
2017-12-16,11.271,17.788,159.999
2017-12-23,34.504,236.69,484.784
2017-12-30,262.539,83.373,92.801
2018-01-06,6.132,87.363,495.892
2018-01-13,126.517,42.625,311.576
2018-01-20,102.595,"1,010.415",838.938
2018-01-27,11.737,219.237,807.406
2018-02-03,1.589,74.176,556.867
2018-02-10,1.473,8.413,368.317
2018-02-17,10.631,196.779,851.326
2018-02-24,6.376,6.758,399.646
2018-03-03,0.473,0.859,218.915
2018-03-10,1.466,0.028,125.009
2018-03-17,0.198,0,84.921
2018-03-24,0.246,0.089,58.788
2018-03-31,0.192,0.004,52.534
2018-04-07,0.21,0.934,23.255
2018-04-14,0,0,12.493
2018-04-21,0.296,0.319,7.404
2018-04-28,0.442,3.396,8.44
2018-05-05,2.311,0,5.351
2018-05-12,1.049,0.082,0.112
2018-05-19,0.048,0,0
2018-05-26,0.304,0.427,0.636
2018-06-02,0.275,1.418,1.899
2018-06-09,0.199,0.248,0.194
2018-06-16,0.036,0.058,0.139
2018-06-23,0,0,0
2018-06-30,0,0,0
2018-07-07,0,0,0
2018-07-14,0,0.066,0
2018-07-21,0,0.046,0.011
2018-07-28,0.032,0.464,0.071
2018-08-04,0,0,0
2018-08-11,0,0,0
2018-08-18,0,0,0
2018-08-25,0,0,0
2018-09-01,0,0,0
2018-09-08,3.534,0.091,0
2018-09-15,0,0.025,0.003
2018-09-22,0,0,0
2018-09-29,0.354,0,0
2018-10-06,3.55,3.757,0.874
2018-10-13,1.259,0,0.023
2018-10-20,5.196,2.264,0.169
2018-10-27,0,0,13.677
2018-11-03,0.57,2.837,0.781
2018-11-10,48.815,36.416,81.537
2018-11-17,4.21,0.996,82.154
2018-11-24,16.11,2.086,75.815
2018-12-01,47.07,21.833,46.475
2018-12-08,32.991,4.999,221.302
2018-12-15,57.963,24.154,282.391
2018-12-22,18.292,17.702,305.774
2018-12-29,36.76,296.003,900.445
2019-01-05,257.863,904.148,855.949
2019-01-12,473.332,"1,520.239",905.756
2019-01-19,245.012,"1,340.802",898.638
2019-01-26,12.208,782.118,826.677
2019-02-02,4.602,459.489,749.906
2019-02-09,22.575,352.784,788.103
2019-02-16,21.748,355.266,772.792
2019-02-23,42.451,423.086,742.133
2019-03-02,6.775,305.14,816.684
2019-03-09,15.547,203.115,762.25
2019-03-16,9.079,154.681,684.711
2019-03-23,4.69,20.734,300.398
2019-03-30,5.507,46.161,509.917
2019-04-06,0.198,22.425,337.788
2019-04-13,1.095,10.861,258.593
2019-04-20,1.771,124.673,597.054
2019-04-27,0.323,4.37,213.777
2019-05-04,0.165,0.315,123.781
2019-05-11,0.331,0.034,74.401
2019-05-18,0.069,0,34.202
2019-05-25,0,0,18.88
2019-06-01,0.328,0,10.959
2019-06-08,0,0.652,3.945
2019-06-15,0,0.124,0.733
2019-06-22,0.188,0,0.028
2019-06-29,0.026,0.218,0.062
2019-07-06,0,0,0
2019-07-13,0.015,0.124,0.06
2019-07-20,0,0,0
2019-07-27,0.276,0,0
2019-08-03,0.131,0,0
2019-08-10,0,0.014,0
2019-08-17,0.059,0.011,0
2019-08-24,0,0,0
2019-08-31,0,0,0
2019-09-07,0,0.086,0.054
2019-09-14,0,0.228,0.043
2019-09-21,0,0,0
2019-09-28,0,0,0
2019-10-05,0.094,0,0
2019-10-12,0.46,0.057,0
2019-10-19,4.506,7.741,3.467
2019-10-26,8.423,3.859,3.255
2019-11-02,4.478,1.965,1.073
2019-11-09,0.165,5.256,1.595
2019-11-16,1.751,0.427,19.327
2019-11-23,13.393,6.291,7.82
2019-11-30,65.482,11.365,36.212
2019-12-07,99.526,40.947,237.259
2019-12-14,11.892,0.837,201.18
2019-12-21,28.161,35.606,195.292
2019-12-28,90.14,143.316,377.481
2020-01-04,99.228,491.93,892.562
2020-01-11,44.982,513.33,963.937
2020-01-18,328.661,666.426,747.706
2020-01-25,133.949,980.77,964.006
2020-02-01,4.914,331.595,991.392
2020-02-08,131.105,101.58,204.314
2020-02-15,11.031,199.663,728.19
2020-02-22,14.523,109.471,684.761
2020-02-29,8.82,225.472,765.693
2020-03-07,0.872,56.811,557.268
2020-03-14,29.67,44.788,316.928
2020-03-21,1.053,87.062,480.076
2020-03-28,20.554,2.599,120.098
2020-04-04,4.862,3.656,121.686
2020-04-11,0.213,0.107,183.54
2020-04-18,0,0.257,76.333
2020-04-25,0.31,0.031,98.115
2020-05-02,0.192,0.039,44.247
2020-05-09,0.081,0,38.227
2020-05-16,0.028,0,16.479
2020-05-23,2.795,0.196,17.617
2020-05-30,0,0.118,4.443
2020-06-06,0,0,0.766
2020-06-13,0,0,0.011
2020-06-20,0,0,0.005
2020-06-27,0,0,0
2020-07-04,0,0,0
2020-07-11,0,0,0
2020-07-18,0,0,0
2020-07-25,0.005,0.051,0.03
2020-08-01,0,0,0
2020-08-08,0,0.141,0.086
2020-08-15,0,0,0
2020-08-22,0.011,0,0
2020-08-29,0,0,0
2020-09-05,0,0.002,0.016
2020-09-12,0,0,0
2020-09-19,0,0.028,0
2020-09-26,0,0.076,0.046
2020-10-03,0,0.022,0.045
2020-10-10,0,0,0
2020-10-17,0,0,0
2020-10-24,0.204,0.143,0.015
2020-10-31,70.115,8.248,15.969
2020-11-07,3.436,5.901,42.157
2020-11-14,10.825,1.848,58.946
2020-11-21,3.563,1.643,40.824
2020-11-28,12.954,4.687,38.212
2020-12-05,8.341,1.994,90.148
2020-12-12,186.419,49.093,222.798
2020-12-19,20.205,8.32,248.925
2020-12-26,1.736,1.05,170.191
2021-01-02,7.323,2.075,129.798
2021-01-09,52.37,15.334,134.868
2021-01-16,181.589,"1,015.371",850.228
2021-01-23,32.754,689.512,930.597
2021-01-30,14.544,258.696,869.222
2021-02-06,0.023,41.392,500.958
2021-02-13,57.142,19.422,351.151
2021-02-20,198.512,962.917,828.377
2021-02-27,1.492,269.574,645.116
2021-03-06,2.361,71.467,474.828
2021-03-13,0.495,29.832,373.351
2021-03-20,16.638,7.186,210.46
2021-03-27,0.444,235.837,585.917
2021-04-03,0,27.437,264.923
2021-04-10,2.705,58.741,355.623
2021-04-17,0.012,0.04,70.685
2021-04-24,0,0.004,35.153
2021-05-01,0.04,0,16.248
2021-05-08,0.138,0.084,7.551
2021-05-15,0,0,2.643
2021-05-22,0,0,0.289
2021-05-29,0,0.003,0
2021-06-05,0.201,0.006,0.015
2021-06-12,0,0,0
2021-06-19,0.069,0.003,0
2021-06-26,0,0,0
2021-07-03,0,0.024,0
2021-07-10,0,0,0
2021-07-17,0.028,0,0
2021-07-24,0,0.011,0.003
2021-07-31,0,0.024,0
2021-08-07,0,0.479,0.249
2021-08-14,0,0,0
2021-08-21,0,0,0
2021-08-28,0,0,0
2021-09-04,0,0,0
2021-09-11,0.01,0.125,0.087
2021-09-18,0.066,0.077,0.033
2021-09-25,0,0,0
2021-10-02,0,0,0
2021-10-09,0.389,0,0.01
2021-10-16,0.182,0,0
2021-10-23,1.303,0.919,0.439
2021-10-30,5.705,0.124,0.243
2021-11-06,0,0,0
2021-11-13,5.057,1.081,0.07
2021-11-20,1.645,1.573,31.079
2021-11-27,8.502,3.517,109.952
2021-12-04,14.305,7.979,155.808
2021-12-11,26.587,3.06,307.018
2021-12-18,217.867,212.254,496.133
2021-12-25,13.42,268.105,830.392
2022-01-01,22.92,91.101,671.941
2022-01-08,15.05,28.031,437.759
2022-01-15,280.076,818.464,837.084
2022-01-22,423.27,"1,386.396",855.265
2022-01-29,691.12,"1,450.119",893.517
2022-02-05,107.265,"1,216.733",925.285
2022-02-12,29.356,949.288,864.085
2022-02-19,20.13,461.121,761.915
2022-02-26,42.924,296.043,722.21
2022-03-05,24.501,153.263,577.207
2022-03-12,260.509,680.272,677.171
2022-03-19,131.322,73.736,82.269
2022-03-26,24.601,601.119,718.679
2022-04-02,0.523,139.599,460.427
2022-04-09,0,35.716,264.248
2022-04-16,0.879,8.169,163.566
2022-04-23,0.046,1.009,94.478
2022-04-30,0,0.037,39.67
2022-05-07,0.381,0.093,26.553
2022-05-14,0.021,0,14.329
2022-05-21,0,0,6.705
2022-05-28,0,0,1.705
2022-06-04,0.032,0,0.191
2022-06-11,0.072,0.017,0.099
2022-06-18,0,0,0
2022-06-25,0.223,0,3.056
2022-07-02,0.149,0,0
2022-07-09,0.437,0,0
2022-07-16,0,0,0
2022-07-23,0.051,0,0
2022-07-30,0,0,0
2022-08-06,0,0,0
2022-08-13,0,0,0
2022-08-20,0.023,0.027,0
2022-08-27,0,0,0
2022-09-03,0,0.011,0.007
2022-09-10,0,0.024,0
2022-09-17,0,0.008,0
2022-09-24,0,0,0
2022-10-01,0,0,0
2022-10-08,0,0.015,0
2022-10-15,0,0,0
2022-10-22,0.612,2.26,1.815
2022-10-29,0.324,2.823,8.439
2022-11-05,3.236,0.396,7.798
2022-11-12,8.145,6.048,21.832
2022-11-19,65.713,17.325,17.881
2022-11-26,37.982,7.228,144.49
2022-12-03,19.4,8.335,84.131
2022-12-10,2.797,2.145,62.371
2022-12-17,2.85,2.978,122.49
2022-12-24,12.689,50.315,509.829
2022-12-31,9.785,4.51,239.371
2023-01-07,25.368,12.886,398.551
2023-01-14,13.366,21.526,446.264
2023-01-21,2.739,1.687,257.154
2023-01-28,275.844,489.637,285.644
2023-02-04,900.346,812.486,594.504
2023-02-11,201.268,"1,494.332",941.49
2023-02-18,30.307,"1,096.815",972.362
2023-02-25,2.065,421.042,767.425
2023-03-04,2.253,135.274,502.525
2023-03-11,2.803,45.285,418.819
2023-03-18,4.494,4.289,148.294
2023-03-25,3.737,2.202,203.498
2023-04-01,0,8.991,214.376
2023-04-08,9.057,154.717,491.804
2023-04-15,0.392,6.591,186.851
2023-04-22,0.186,0.079,47.285
2023-04-29,1.269,0.317,98.052
2023-05-06,0.336,0.324,24.041
2023-05-13,0.077,0,12.449
2023-05-20,0.003,0,5.544
2023-05-27,6.678,9.468,8.943
2023-06-03,0.844,0.008,0.04
2023-06-10,0.039,0.1,0.007
2023-06-17,0,0.004,0
2023-06-24,0.052,0,0
2023-07-01,0,0,0
2023-07-08,0,0,0
2023-07-15,0,0,0
2023-07-22,0.08,0,0
2023-07-29,0,0,0
2023-08-05,0.041,0,0
2023-08-12,0.029,1.025,1.544
2023-08-19,0.067,0,0
2023-08-26,0.22,0.237,0.132
2023-09-02,0,0,0
2023-09-09,0.011,0.43,0.187
2023-09-16,0,0,0
2023-09-23,0,0,0
2023-09-30,2.86,0.397,0.005
2023-10-07,14.947,9.526,3.753
2023-10-14,24.804,4.274,2.587
2023-10-21,0.231,0.317,0.06
2023-10-28,4.66,1.696,2.284
2023-11-04,0,0,0
2023-11-11,1.36,0.518,1.693
2023-11-18,32.555,10.221,140.346
2023-11-25,26.717,8.733,208.611
2023-12-02,5.405,4.922,123.718
2023-12-09,77.829,15.179,132.428
2023-12-16,30.208,6.403,101.919
2023-12-23,49.743,14.591,367.462
2023-12-30,28.892,12.185,205.445
2024-01-06,116.707,25.587,178.536
2024-01-13,40.583,131.097,830.437
2024-01-20,84.212,79.598,739.71
2024-01-27,225.887,556.538,591.517
2024-02-03,32.204,378.332,925.387
2024-02-10,11.639,208.01,814.832
2024-02-17,43.775,99.968,731.546
2024-02-24,3.833,53.648,616.423
2024-03-02,26.629,25.647,536.403
2024-03-09,7.134,12.673,443.494
2024-03-16,26.384,12.921,324.212
2024-03-23,11.293,3.745,288.298
2024-03-30,0,0.252,204.198
2024-04-06,7.699,4.555,141.895
2024-04-13,0.106,0.138,97.366
2024-04-20,0.009,0,59.048
2024-04-27,1.159,0.544,16.584
2024-05-04,19.006,0.049,28.755
2024-05-11,0.038,0.084,12.295
2024-05-18,0.609,0.191,5.267
2024-05-25,0,0.018,0.751
2024-06-01,0,0,0.02
2024-06-08,0,0,0
2024-06-15,0,0,0
2024-06-22,0,0.008,0
2024-06-29,0,0,0
2024-07-06,0.015,0.009,0.021
2024-07-13,0.035,0,0
2024-07-20,0.083,0,0
2024-07-27,0,0,0
2024-08-03,0,0,0
2024-08-10,0,0,0
2024-08-17,0,0,0
2024-08-24,0,0,0
2024-08-31,0.008,0.116,0
2024-09-07,0,0,0
2024-09-14,0,0.042,0
2024-09-21,0,0.105,0.003
2024-09-28,0.022,0.013,0
2024-10-05,0,0,0
2024-10-12,0,0.01,0
2024-10-19,0,0,0
2024-10-26,0.158,0.698,0.084
2024-11-02,0.641,0.964,1.927
2024-11-09,0.254,0.408,5.639
2024-11-16,94.549,46.207,78.358
2024-11-23,23.525,33.559,157.728
2024-11-30,3.313,6.647,149.219
2024-12-07,19.562,3.126,63.366
2024-12-14,10.667,6.516,54.87
2024-12-21,42.139,14.387,176.858
2024-12-28,115.669,250.276,778.965
2025-01-04,21.614,80.306,563.013
2025-01-11,19.18,17.277,335.731
2025-01-18,22.46,11.496,247.209
2025-01-25,61.477,25.663,247.294
2025-02-01,113.73,73.676,358.287
2025-02-08,206.253,677.812,801.784
2025-02-15,27.161,502.583,810.976
2025-02-22,71.113,409.423,751.078
2025-03-01,4.856,206.145,611.452
2025-03-08,1.964,50.349,336.246
2025-03-15,4.737,3.114,142.12
2025-03-22,2.737,143.126,407.934
2025-03-29,0.802,0.438,49.25
2025-04-05,2.02,0.095,23.54
2025-04-12,4.517,17.96,204.791
2025-04-19,1.453,0.495,26.037
2025-04-26,3.653,2.278,6.009
2025-05-03,0.103,0.047,0.43
2025-05-10,0.037,0.392,0.004
2025-05-17,0.032,0,0
2025-05-24,2.296,0.088,0.043
2025-05-31,0,0,0
