week_start,snow_km2
01/10/2016,0
08/10/2016,0
15/10/2016,0
22/10/2016,0
29/10/2016,0
05/11/2016,0
12/11/2016,0
19/11/2016,0
26/11/2016,0
03/12/2016,0
10/12/2016,0
17/12/2016,0
24/12/2016,0
31/12/2016,0
07/01/2017,168.845
14/01/2017,0
21/01/2017,0
28/01/2017,0
04/02/2017,1.033
11/02/2017,0
18/02/2017,0
25/02/2017,0
04/03/2017,0
11/03/2017,0
18/03/2017,0
25/03/2017,0
01/04/2017,186.499
08/04/2017,3.193
15/04/2017,75.1
22/04/2017,0
29/04/2017,38.94
06/05/2017,18.273
13/05/2017,5.316
20/05/2017,13.51
27/05/2017,0.457
03/06/2017,0
10/06/2017,4.195
17/06/2017,1.355
24/06/2017,0.028
01/07/2017,0
08/07/2017,0
15/07/2017,1.266
22/07/2017,0
29/07/2017,0.829
05/08/2017,3.85
12/08/2017,0
19/08/2017,0.01
26/08/2017,10.021
02/09/2017,0
09/09/2017,0
16/09/2017,9.987
23/09/2017,10.897
30/09/2017,0
07/10/2017,3.113
14/10/2017,0
21/10/2017,0
28/10/2017,31.738
04/11/2017,10.389
11/11/2017,1.059
18/11/2017,0
25/11/2017,183.313
02/12/2017,869.742
09/12/2017,0
16/12/2017,299.879
23/12/2017,8.112
30/12/2017,0
06/01/2018,400.481
13/01/2018,818.774
20/01/2018,386.469
27/01/2018,"1,334.50"
03/02/2018,0
10/02/2018,0
17/02/2018,0.217
24/02/2018,359.144
03/03/2018,253.013
10/03/2018,194.74
17/03/2018,150.668
24/03/2018,77.466
31/03/2018,64.124
07/04/2018,16.927
14/04/2018,12.918
21/04/2018,10.587
28/04/2018,6.731
05/05/2018,3.804
12/05/2018,0.823
19/05/2018,0
26/05/2018,1.921
02/06/2018,1.662
09/06/2018,0
16/06/2018,1.345
23/06/2018,0
30/06/2018,0.623
07/07/2018,0.055
14/07/2018,0.522
21/07/2018,0
28/07/2018,0
04/08/2018,3.284
11/08/2018,2.15
18/08/2018,7.024
25/08/2018,6.283
01/09/2018,7.407
08/09/2018,21.658
15/09/2018,8.986
22/09/2018,6.025
29/09/2018,9.332
06/10/2018,3.23
13/10/2018,10.325
20/10/2018,0
27/10/2018,29.352
03/11/2018,14.287
10/11/2018,115.518
17/11/2018,255.706
24/11/2018,109.176
01/12/2018,18.656
08/12/2018,896.448
15/12/2018,205.897
22/12/2018,600.263
29/12/2018,"1,268.18"
05/01/2019,"3,120.81"
12/01/2019,"1,900.16"
19/01/2019,"3,458.84"
26/01/2019,"2,242.70"
02/02/2019,"1,501.99"
09/02/2019,"1,007.73"
16/02/2019,"1,504.69"
23/02/2019,"1,296.56"
02/03/2019,479.122
09/03/2019,"1,086.84"
16/03/2019,"1,150.95"
23/03/2019,0.146
30/03/2019,4.821
06/04/2019,465.846
13/04/2019,0.577
20/04/2019,361.464
27/04/2019,283.229
04/05/2019,108.198
11/05/2019,130.732
18/05/2019,63.982
25/05/2019,36.056
01/06/2019,10.031
08/06/2019,7.626
15/06/2019,1.666
22/06/2019,6.18
29/06/2019,3.012
06/07/2019,0
13/07/2019,4.763
20/07/2019,7.1
27/07/2019,6.648
03/08/2019,6.635
10/08/2019,0.008
17/08/2019,8.423
24/08/2019,4.312
31/08/2019,9.438
07/09/2019,13.166
14/09/2019,0
21/09/2019,0.312
28/09/2019,10.765
05/10/2019,10.506
12/10/2019,0.535
19/10/2019,0.153
26/10/2019,244.286
02/11/2019,240.253
09/11/2019,0
16/11/2019,44.344
23/11/2019,4.117
30/11/2019,260.014
07/12/2019,183.234
14/12/2019,295.602
21/12/2019,235.331
28/12/2019,958.383
04/01/2020,"1,726.42"
11/01/2020,"2,207.37"
18/01/2020,"1,788.12"
25/01/2020,"3,083.03"
01/02/2020,"1,475.89"
08/02/2020,445.575
15/02/2020,"1,508.96"
22/02/2020,826.067
29/02/2020,"1,557.19"
07/03/2020,627.361
14/03/2020,495.606
21/03/2020,848.709
28/03/2020,0
04/04/2020,190.282
11/04/2020,166.387
18/04/2020,81.743
25/04/2020,380.968
02/05/2020,21.039
09/05/2020,70.167
16/05/2020,16.832
23/05/2020,100.232
30/05/2020,13.119
06/06/2020,1.305
13/06/2020,0.773
20/06/2020,4.363
27/06/2020,0
04/07/2020,0
11/07/2020,6.025
18/07/2020,3.956
25/07/2020,3.324
01/08/2020,5.654
08/08/2020,4.792
15/08/2020,7.971
22/08/2020,11.166
29/08/2020,7.333
05/09/2020,4.918
12/09/2020,4.259
19/09/2020,11.97
26/09/2020,5.81
03/10/2020,0
10/10/2020,4.9
17/10/2020,8.158
24/10/2020,7.105
31/10/2020,41.799
07/11/2020,46.562
14/11/2020,143.813
21/11/2020,99.01
28/11/2020,5.257
05/12/2020,147.871
12/12/2020,30.044
19/12/2020,233.726
26/12/2020,251.098
02/01/2021,188.437
09/01/2021,587.038
16/01/2021,484.798
23/01/2021,"1,808.02"
30/01/2021,"1,038.92"
06/02/2021,729.325
13/02/2021,575.072
20/02/2021,"2,288.26"
27/02/2021,296.309
06/03/2021,667.196
13/03/2021,388.361
20/03/2021,250.278
27/03/2021,389.263
03/04/2021,0
10/04/2021,314.601
17/04/2021,108.682
24/04/2021,58.151
01/05/2021,25.767
08/05/2021,16.185
15/05/2021,6.401
22/05/2021,2.996
29/05/2021,5.766
05/06/2021,0
12/06/2021,0
19/06/2021,6.129
26/06/2021,6.233
03/07/2021,3.858
10/07/2021,2.285
17/07/2021,5.402
24/07/2021,3.437
31/07/2021,5.194
07/08/2021,4.385
14/08/2021,7.412
21/08/2021,6.184
28/08/2021,3.932
04/09/2021,4.712
11/09/2021,10.15
18/09/2021,6.404
25/09/2021,271.961
02/10/2021,5.408
09/10/2021,0.303
16/10/2021,27.876
23/10/2021,8.343
30/10/2021,0
06/11/2021,0.46
13/11/2021,3.208
20/11/2021,244.322
27/11/2021,"1,872.98"
04/12/2021,174.006
11/12/2021,616.991
18/12/2021,"2,564.31"
25/12/2021,"1,314.85"
01/01/2022,404.829
08/01/2022,569.708
15/01/2022,"4,196.94"
22/01/2022,"3,273.68"
29/01/2022,"4,372.97"
05/02/2022,"2,367.59"
12/02/2022,"1,243.32"
19/02/2022,"1,258.58"
26/02/2022,583.989
05/03/2022,41.594
12/03/2022,"3,262.20"
19/03/2022,0
26/03/2022,"2,100.91"
02/04/2022,0
09/04/2022,312.215
16/04/2022,128.576
23/04/2022,58.693
30/04/2022,37.114
07/05/2022,24.839
14/05/2022,6.616
21/05/2022,1.668
28/05/2022,0.928
04/06/2022,0.052
11/06/2022,0
18/06/2022,0
25/06/2022,0
02/07/2022,0
09/07/2022,0
16/07/2022,0
23/07/2022,0
30/07/2022,0
06/08/2022,0
13/08/2022,0
20/08/2022,0
27/08/2022,0
03/09/2022,0
10/09/2022,0
17/09/2022,0
24/09/2022,0
01/10/2022,0
08/10/2022,0
15/10/2022,0
22/10/2022,0
29/10/2022,0
05/11/2022,14.567
12/11/2022,4.945
19/11/2022,0
26/11/2022,102.18
03/12/2022,58.988
10/12/2022,69.97
17/12/2022,0.208
24/12/2022,9.457
31/12/2022,328.054
07/01/2023,433.938
14/01/2023,450.245
21/01/2023,290.1
28/01/2023,39.319
04/02/2023,"3,479.96"
11/02/2023,"2,870.73"
18/02/2023,"2,675.69"
25/02/2023,"1,285.73"
04/03/2023,54.63
11/03/2023,569.878
18/03/2023,118.494
25/03/2023,301.958
01/04/2023,100.418
08/04/2023,46.601
15/04/2023,750.576
22/04/2023,44.732
29/04/2023,22.842
06/05/2023,21.901
13/05/2023,11.044
20/05/2023,3.95
27/05/2023,1.339
03/06/2023,0.069
10/06/2023,0
17/06/2023,0
24/06/2023,0
01/07/2023,0
08/07/2023,0
15/07/2023,0
22/07/2023,0
29/07/2023,0
05/08/2023,0
12/08/2023,0
19/08/2023,0
26/08/2023,0
02/09/2023,0
09/09/2023,0
16/09/2023,0
23/09/2023,0
30/09/2023,0
07/10/2023,0
14/10/2023,0
21/10/2023,0
28/10/2023,0.619
04/11/2023,0
11/11/2023,0.412
18/11/2023,381.21
25/11/2023,175.379
02/12/2023,4.951
09/12/2023,13.764
16/12/2023,0
23/12/2023,485.549
30/12/2023,72.194
06/01/2024,0
13/01/2024,421.166
20/01/2024,"1,032.20"
27/01/2024,4.613
03/02/2024,"1,373.64"
10/02/2024,0.675
17/02/2024,157.521
24/02/2024,760.475
02/03/2024,690.077
09/03/2024,541.449
16/03/2024,57.248
23/03/2024,242.873
30/03/2024,252.741
06/04/2024,0
13/04/2024,88.532
20/04/2024,51.902
27/04/2024,27.614
04/05/2024,23.743
11/05/2024,18.42
18/05/2024,2.824
25/05/2024,0.12
01/06/2024,0
08/06/2024,0
15/06/2024,0
22/06/2024,0
29/06/2024,0
06/07/2024,0
13/07/2024,0
20/07/2024,0
27/07/2024,0
03/08/2024,0
10/08/2024,0
17/08/2024,0
24/08/2024,0
31/08/2024,0
07/09/2024,0
14/09/2024,0
21/09/2024,0
28/09/2024,0
05/10/2024,0
12/10/2024,0
19/10/2024,0
26/10/2024,0
02/11/2024,0.927
09/11/2024,0
16/11/2024,109.633
23/11/2024,42.399
30/11/2024,220.973
07/12/2024,55.829
14/12/2024,55.165
21/12/2024,217.893
28/12/2024,"1,171.45"
04/01/2025,677.217
11/01/2025,437.11
18/01/2025,338.267
25/01/2025,302.147
01/02/2025,0
08/02/2025,"2,504.31"
15/02/2025,"1,523.95"
22/02/2025,"1,506.42"
01/03/2025,3.614
08/03/2025,419.094
15/03/2025,194.798
22/03/2025,805.149
29/03/2025,48.495
05/04/2025,23.886
12/04/2025,27.774
19/04/2025,31.838
26/04/2025,2.26
03/05/2025,0
10/05/2025,0
17/05/2025,0
24/05/2025,0
