week_start,week_end,snow_km2,snow_pct,altitude_class
2016-10-01,2016-10-08,0.0,0.0,1200–1800 m
2016-10-08,2016-10-15,0.0,0.0,1200–1800 m
2016-10-15,2016-10-22,0.0,0.0,1200–1800 m
2016-10-22,2016-10-29,0.0,0.0,1200–1800 m
2016-10-29,2016-11-05,0.0,0.0,1200–1800 m
2016-11-05,2016-11-12,0.0,0.0,1200–1800 m
2016-11-12,2016-11-19,0.0,0.0,1200–1800 m
2016-11-19,2016-11-26,0.0,0.0,1200–1800 m
2016-11-26,2016-12-03,0.0,0.0,1200–1800 m
2016-12-03,2016-12-10,0.0,0.0,1200–1800 m
2016-12-10,2016-12-17,0.0,0.0,1200–1800 m
2016-12-17,2016-12-24,0.0,0.0,1200–1800 m
2016-12-24,2016-12-31,0.0,0.0,1200–1800 m
2016-12-31,2017-01-07,0.0,0.0,1200–1800 m
2017-01-07,2017-01-14,110.15934710698528,4.7511839419672475,1200–1800 m
2017-01-14,2017-01-21,0.0,0.0,1200–1800 m
2017-01-21,2017-01-28,0.0,0.0,1200–1800 m
2017-01-28,2017-02-04,0.0,0.0,1200–1800 m
2017-02-04,2017-02-11,0.0,0.0,1200–1800 m
2017-02-11,2017-02-18,0.0,0.0,1200–1800 m
2017-02-18,2017-02-25,0.0,0.0,1200–1800 m
2017-02-25,2017-03-04,0.0,0.0,1200–1800 m
2017-03-04,2017-03-11,0.0,0.0,1200–1800 m
2017-03-11,2017-03-18,0.0,0.0,1200–1800 m
2017-03-18,2017-03-25,0.0,0.0,1200–1800 m
2017-03-25,2017-04-01,0.0,0.0,1200–1800 m
2017-04-01,2017-04-08,0.61927096875,0.0267092204131711,1200–1800 m
2017-04-08,2017-04-15,0.0,0.0,1200–1800 m
2017-04-15,2017-04-22,0.7048915718137254,0.0304020458071238,1200–1800 m
2017-04-22,2017-04-29,0.0,0.0,1200–1800 m
2017-04-29,2017-05-06,0.0,0.0,1200–1800 m
2017-05-06,2017-05-13,0.0,0.0,1200–1800 m
2017-05-13,2017-05-20,1.5135963885825163,0.0652815675193563,1200–1800 m
2017-05-20,2017-05-27,0.0,0.0,1200–1800 m
2017-05-27,2017-06-03,0.134990653247549,0.0058221607232524,1200–1800 m
2017-06-03,2017-06-10,0.0,0.0,1200–1800 m
2017-06-10,2017-06-17,0.0,0.0,1200–1800 m
2017-06-17,2017-06-24,0.067385906862745,0.0029063610761076,1200–1800 m
2017-06-24,2017-07-01,0.0,0.0,1200–1800 m
2017-07-01,2017-07-08,0.0,0.0,1200–1800 m
2017-07-08,2017-07-15,0.0,0.0,1200–1800 m
2017-07-15,2017-07-22,0.1299909815870098,0.0056065243716172,1200–1800 m
2017-07-22,2017-07-29,0.0,0.0,1200–1800 m
2017-07-29,2017-08-05,0.0,0.0,1200–1800 m
2017-08-05,2017-08-12,0.0,0.0,1200–1800 m
2017-08-12,2017-08-19,0.0,0.0,1200–1800 m
2017-08-19,2017-08-26,0.0,0.0,1200–1800 m
2017-08-26,2017-09-02,0.5478951640216502,0.0236307746327965,1200–1800 m
2017-09-02,2017-09-09,0.0,0.0,1200–1800 m
2017-09-09,2017-09-16,0.0,0.0,1200–1800 m
2017-09-16,2017-09-23,0.0,0.0,1200–1800 m
2017-09-23,2017-09-30,0.0,0.0,1200–1800 m
2017-09-30,2017-10-07,0.0,0.0,1200–1800 m
2017-10-07,2017-10-14,0.0,0.0,1200–1800 m
2017-10-14,2017-10-21,0.0,0.0,1200–1800 m
2017-10-21,2017-10-28,0.0,0.0,1200–1800 m
2017-10-28,2017-11-04,0.0,0.0,1200–1800 m
2017-11-04,2017-11-11,0.0,0.0,1200–1800 m
2017-11-11,2017-11-18,0.0,0.0,1200–1800 m
2017-11-18,2017-11-25,0.0,0.0,1200–1800 m
2017-11-25,2017-12-02,0.205995578125,0.0088846104176092,1200–1800 m
2017-12-02,2017-12-09,406.5420936801273,17.534202207560867,1200–1800 m
2017-12-09,2017-12-16,0.0,0.0,1200–1800 m
2017-12-16,2017-12-23,7.6146564453125,0.3284209136736253,1200–1800 m
2017-12-23,2017-12-30,0.4165625625,0.0179663860557614,1200–1800 m
2017-12-30,2018-01-06,0.0,0.0,1200–1800 m
2018-01-06,2018-01-13,68.18261972435663,2.940723383563706,1200–1800 m
2018-01-13,2018-01-20,32.573112481770835,1.4048816830130704,1200–1800 m
2018-01-20,2018-01-27,164.7862076957108,7.107246043326401,1200–1800 m
2018-01-27,2018-02-03,290.15372403210785,12.514359884363644,1200–1800 m
2018-02-03,2018-02-10,0.0,0.0,1200–1800 m
2018-02-10,2018-02-17,0.0,0.0,1200–1800 m
2018-02-17,2018-02-24,0.0,0.0,1200–1800 m
2018-02-24,2018-03-03,2.68175409375,0.1156643291844816,1200–1800 m
2018-03-03,2018-03-10,0.0,0.0,1200–1800 m
2018-03-10,2018-03-17,0.0,0.0,1200–1800 m
2018-03-17,2018-03-24,0.0,0.0,1200–1800 m
2018-03-24,2018-03-31,0.0,0.0,1200–1800 m
2018-03-31,2018-04-07,0.0,0.0,1200–1800 m
2018-04-07,2018-04-14,0.41168753125,0.0177561254578197,1200–1800 m
2018-04-14,2018-04-21,0.0,0.0,1200–1800 m
2018-04-21,2018-04-28,0.4134671875,0.017832882214457,1200–1800 m
2018-04-28,2018-05-05,0.0,0.0,1200–1800 m
2018-05-05,2018-05-12,0.0,0.0,1200–1800 m
2018-05-12,2018-05-19,0.0,0.0,1200–1800 m
2018-05-19,2018-05-26,0.0,0.0,1200–1800 m
2018-05-26,2018-06-02,0.8592886458333334,0.0370612074491791,1200–1800 m
2018-06-02,2018-06-09,0.0,0.0,1200–1800 m
2018-06-09,2018-06-16,0.0,0.0,1200–1800 m
2018-06-16,2018-06-23,0.205518359375,0.0088640279239639,1200–1800 m
2018-06-23,2018-06-30,0.0,0.0,1200–1800 m
2018-06-30,2018-07-07,0.0,0.0,1200–1800 m
2018-07-07,2018-07-14,0.0,0.0,1200–1800 m
2018-07-14,2018-07-21,0.0,0.0,1200–1800 m
2018-07-21,2018-07-28,0.0,0.0,1200–1800 m
2018-07-28,2018-08-04,0.0,0.0,1200–1800 m
2018-08-04,2018-08-11,0.0,0.0,1200–1800 m
2018-08-11,2018-08-18,0.0,0.0,1200–1800 m
2018-08-18,2018-08-25,0.0,0.0,1200–1800 m
2018-08-25,2018-09-01,0.0,0.0,1200–1800 m
2018-09-01,2018-09-08,0.0,0.0,1200–1800 m
2018-09-08,2018-09-15,0.41337059375,0.01782871611611,1200–1800 m
2018-09-15,2018-09-22,0.0,0.0,1200–1800 m
2018-09-22,2018-09-29,0.0,0.0,1200–1800 m
2018-09-29,2018-10-06,0.0,0.0,1200–1800 m
2018-10-06,2018-10-13,0.0,0.0,1200–1800 m
2018-10-13,2018-10-20,0.0,0.0,1200–1800 m
2018-10-20,2018-10-27,0.0,0.0,1200–1800 m
2018-10-27,2018-11-03,0.0,0.0,1200–1800 m
2018-11-03,2018-11-10,1.24033540625,0.0534957933175217,1200–1800 m
2018-11-10,2018-11-17,33.52561226668198,1.4459630964532026,1200–1800 m
2018-11-17,2018-11-24,2.0685948046875,0.0892187061432293,1200–1800 m
2018-11-24,2018-12-01,0.0,0.0,1200–1800 m
2018-12-01,2018-12-08,0.0,0.0,1200–1800 m
2018-12-08,2018-12-15,180.56090638817403,7.787610416258042,1200–1800 m
2018-12-15,2018-12-22,0.0,0.0,1200–1800 m
2018-12-22,2018-12-29,5.232743006510416,0.225688742697688,1200–1800 m
2018-12-29,2019-01-05,411.6536498896292,17.754664151271026,1200–1800 m
2019-01-05,2019-01-12,1648.1956899590518,71.08684919626319,1200–1800 m
2019-01-12,2019-01-19,514.4302435625304,22.187429180229852,1200–1800 m
2019-01-19,2019-01-26,1885.6063189848803,81.32639398209403,1200–1800 m
2019-01-26,2019-02-02,1083.496530146752,46.73131650109469,1200–1800 m
2019-02-02,2019-02-09,554.7936624184283,23.92830757636624,1200–1800 m
2019-02-09,2019-02-16,358.78183545327835,15.474297370513906,1200–1800 m
2019-02-16,2019-02-23,376.82533482573535,16.25251534952985,1200–1800 m
2019-02-23,2019-03-02,317.959571373223,13.713628932786698,1200–1800 m
2019-03-02,2019-03-09,135.84413497170647,5.858971477574022,1200–1800 m
2019-03-09,2019-03-16,247.295516569041,10.665880999659798,1200–1800 m
2019-03-16,2019-03-23,217.2802054794697,9.371317553097036,1200–1800 m
2019-03-23,2019-03-30,0.0,0.0,1200–1800 m
2019-03-30,2019-04-06,0.0,0.0,1200–1800 m
2019-04-06,2019-04-13,13.1186983515625,0.5658108057496248,1200–1800 m
2019-04-13,2019-04-20,0.0,0.0,1200–1800 m
2019-04-20,2019-04-27,17.59318154427083,0.7587957248881851,1200–1800 m
2019-04-27,2019-05-04,2.4774115390625,0.1068510138373153,1200–1800 m
2019-05-04,2019-05-11,0.0,0.0,1200–1800 m
2019-05-11,2019-05-18,0.0,0.0,1200–1800 m
2019-05-18,2019-05-25,0.0,0.0,1200–1800 m
2019-05-25,2019-06-01,0.0,0.0,1200–1800 m
2019-06-01,2019-06-08,0.0,0.0,1200–1800 m
2019-06-08,2019-06-15,0.0,0.0,1200–1800 m
2019-06-15,2019-06-22,0.0,0.0,1200–1800 m
2019-06-22,2019-06-29,0.0,0.0,1200–1800 m
2019-06-29,2019-07-06,0.0,0.0,1200–1800 m
2019-07-06,2019-07-13,0.0,0.0,1200–1800 m
2019-07-13,2019-07-20,0.0,0.0,1200–1800 m
2019-07-20,2019-07-27,0.0,0.0,1200–1800 m
2019-07-27,2019-08-03,0.0,0.0,1200–1800 m
2019-08-03,2019-08-10,0.0,0.0,1200–1800 m
2019-08-10,2019-08-17,0.0,0.0,1200–1800 m
2019-08-17,2019-08-24,0.0,0.0,1200–1800 m
2019-08-24,2019-08-31,0.0,0.0,1200–1800 m
2019-08-31,2019-09-07,0.0,0.0,1200–1800 m
2019-09-07,2019-09-14,0.0,0.0,1200–1800 m
2019-09-14,2019-09-21,0.0,0.0,1200–1800 m
2019-09-21,2019-09-28,0.0,0.0,1200–1800 m
2019-09-28,2019-10-05,0.0,0.0,1200–1800 m
2019-10-05,2019-10-12,0.0,0.0,1200–1800 m
2019-10-12,2019-10-19,0.0,0.0,1200–1800 m
2019-10-19,2019-10-26,0.1528232459558823,0.0065912822762078,1200–1800 m
2019-10-26,2019-11-02,62.48837079865197,2.695129843225296,1200–1800 m
2019-11-02,2019-11-09,72.49096197331932,3.126542626754124,1200–1800 m
2019-11-09,2019-11-16,0.0,0.0,1200–1800 m
2019-11-16,2019-11-23,0.0,0.0,1200–1800 m
2019-11-23,2019-11-30,0.0,0.0,1200–1800 m
2019-11-30,2019-12-07,14.9020790390625,0.6427281977584525,1200–1800 m
2019-12-07,2019-12-14,0.0,0.0,1200–1800 m
2019-12-14,2019-12-21,0.0,0.0,1200–1800 m
2019-12-21,2019-12-28,0.0,0.0,1200–1800 m
2019-12-28,2020-01-04,263.42070250117956,11.361361923195108,1200–1800 m
2020-01-04,2020-01-11,552.7220221996016,23.83895752119876,1200–1800 m
2020-01-11,2020-01-18,1025.7170015547488,44.23927950532209,1200–1800 m
2020-01-18,2020-01-25,818.850775469087,35.31711795184972,1200–1800 m
2020-01-25,2020-02-01,1547.5099408221072,66.74426250663983,1200–1800 m
2020-02-01,2020-02-08,317.65485675499383,13.70048656004181,1200–1800 m
2020-02-08,2020-02-15,261.13654357714466,11.262845914469713,1200–1800 m
2020-02-15,2020-02-22,420.3105131105084,18.128035550094797,1200–1800 m
2020-02-22,2020-02-29,126.05384930468752,5.436715452370483,1200–1800 m
2020-02-29,2020-03-07,724.6584775447765,31.25459447919016,1200–1800 m
2020-03-07,2020-03-14,52.83842602734375,2.2789267352513285,1200–1800 m
2020-03-14,2020-03-21,18.2798891171875,0.7884134929573834,1200–1800 m
2020-03-21,2020-03-28,209.6306310041816,9.041390621208322,1200–1800 m
2020-03-28,2020-04-04,0.0,0.0,1200–1800 m
2020-04-04,2020-04-11,4.2221583671875,0.1821021235278533,1200–1800 m
2020-04-11,2020-04-18,0.0,0.0,1200–1800 m
2020-04-18,2020-04-25,0.0,0.0,1200–1800 m
2020-04-25,2020-05-02,74.75101229299646,3.22401882890027,1200–1800 m
2020-05-02,2020-05-09,0.0145079459558823,0.0006257291974467956,1200–1800 m
2020-05-09,2020-05-16,0.0,0.0,1200–1800 m
2020-05-16,2020-05-23,0.0,0.0,1200–1800 m
2020-05-23,2020-05-30,0.0,0.0,1200–1800 m
2020-05-30,2020-06-06,0.0,0.0,1200–1800 m
2020-06-06,2020-06-13,0.0,0.0,1200–1800 m
2020-06-13,2020-06-20,0.0,0.0,1200–1800 m
2020-06-20,2020-06-27,0.0,0.0,1200–1800 m
2020-06-27,2020-07-04,0.0,0.0,1200–1800 m
2020-07-04,2020-07-11,0.0,0.0,1200–1800 m
2020-07-11,2020-07-18,0.0,0.0,1200–1800 m
2020-07-18,2020-07-25,0.0,0.0,1200–1800 m
2020-07-25,2020-08-01,0.0,0.0,1200–1800 m
2020-08-01,2020-08-08,0.0,0.0,1200–1800 m
2020-08-08,2020-08-15,0.0,0.0,1200–1800 m
2020-08-15,2020-08-22,0.0,0.0,1200–1800 m
2020-08-22,2020-08-29,0.0,0.0,1200–1800 m
2020-08-29,2020-09-05,0.0,0.0,1200–1800 m
2020-09-05,2020-09-12,0.0,0.0,1200–1800 m
2020-09-12,2020-09-19,0.0,0.0,1200–1800 m
2020-09-19,2020-09-26,0.0,0.0,1200–1800 m
2020-09-26,2020-10-03,0.0,0.0,1200–1800 m
2020-10-03,2020-10-10,0.0,0.0,1200–1800 m
2020-10-10,2020-10-17,0.0,0.0,1200–1800 m
2020-10-17,2020-10-24,0.0,0.0,1200–1800 m
2020-10-24,2020-10-31,0.0,0.0,1200–1800 m
2020-10-31,2020-11-07,1.7296639328124996,0.0746005828683561,1200–1800 m
2020-11-07,2020-11-14,0.0,0.0,1200–1800 m
2020-11-14,2020-11-21,0.1032028671875,0.0044511502493748,1200–1800 m
2020-11-21,2020-11-28,0.723668921875,0.0312119148416342,1200–1800 m
2020-11-28,2020-12-05,0.0,0.0,1200–1800 m
2020-12-05,2020-12-12,0.0,0.0,1200–1800 m
2020-12-12,2020-12-19,0.0,0.0,1200–1800 m
2020-12-19,2020-12-26,0.0,0.0,1200–1800 m
2020-12-26,2021-01-02,0.0,0.0,1200–1800 m
2021-01-02,2021-01-09,0.0,0.0,1200–1800 m
2021-01-09,2021-01-16,80.78264098545608,3.4841635931905977,1200–1800 m
2021-01-16,2021-01-23,156.9236268103554,6.768132123119167,1200–1800 m
2021-01-23,2021-01-30,830.4683700804688,35.81818599928718,1200–1800 m
2021-01-30,2021-02-06,316.74972330274204,13.661448061388588,1200–1800 m
2021-02-06,2021-02-13,39.33318582552083,1.6964443398446594,1200–1800 m
2021-02-13,2021-02-20,22.190917358854175,0.9570965422526964,1200–1800 m
2021-02-20,2021-02-27,1181.601320425061,50.96258617036463,1200–1800 m
2021-02-27,2021-03-06,23.273393721354168,1.0037838588185273,1200–1800 m
2021-03-06,2021-03-13,114.8324563963454,4.952735625031442,1200–1800 m
2021-03-13,2021-03-20,5.6256418515625,0.242634510192261,1200–1800 m
2021-03-20,2021-03-27,1.547816015625,0.0667574635442888,1200–1800 m
2021-03-27,2021-04-03,31.297468559895833,1.349863029794343,1200–1800 m
2021-04-03,2021-04-10,0.0,0.0,1200–1800 m
2021-04-10,2021-04-17,6.828949897135417,0.2945333096451447,1200–1800 m
2021-04-17,2021-04-24,0.0,0.0,1200–1800 m
2021-04-24,2021-05-01,0.0,0.0,1200–1800 m
2021-05-01,2021-05-08,0.0,0.0,1200–1800 m
2021-05-08,2021-05-15,0.0,0.0,1200–1800 m
2021-05-15,2021-05-22,0.0,0.0,1200–1800 m
2021-05-22,2021-05-29,0.0,0.0,1200–1800 m
2021-05-29,2021-06-05,0.0,0.0,1200–1800 m
2021-06-05,2021-06-12,0.0,0.0,1200–1800 m
2021-06-12,2021-06-19,0.0,0.0,1200–1800 m
2021-06-19,2021-06-26,0.0,0.0,1200–1800 m
2021-06-26,2021-07-03,0.0,0.0,1200–1800 m
2021-07-03,2021-07-10,0.0,0.0,1200–1800 m
2021-07-10,2021-07-17,0.0,0.0,1200–1800 m
2021-07-17,2021-07-24,0.0,0.0,1200–1800 m
2021-07-24,2021-07-31,0.0,0.0,1200–1800 m
2021-07-31,2021-08-07,0.0,0.0,1200–1800 m
2021-08-07,2021-08-14,0.0,0.0,1200–1800 m
2021-08-14,2021-08-21,0.0,0.0,1200–1800 m
2021-08-21,2021-08-28,0.0,0.0,1200–1800 m
2021-08-28,2021-09-04,0.0,0.0,1200–1800 m
2021-09-04,2021-09-11,0.0,0.0,1200–1800 m
2021-09-11,2021-09-18,0.0,0.0,1200–1800 m
2021-09-18,2021-09-25,0.0,0.0,1200–1800 m
2021-10-01,2021-10-08,0.0,0.0,1200–1800 m
2021-10-08,2021-10-15,0.0,0.0,1200–1800 m
2021-10-15,2021-10-22,1.65526734375,0.0713918503497474,1200–1800 m
2021-10-22,2021-10-29,0.0,0.0,1200–1800 m
2021-10-29,2021-11-05,0.0,0.0,1200–1800 m
2021-11-05,2021-11-12,0.0,0.0,1200–1800 m
2021-11-12,2021-11-19,0.0,0.0,1200–1800 m
2021-11-19,2021-11-26,84.29218785430454,3.6355307096883034,1200–1800 m
2021-11-26,2021-12-03,342.67704829827255,14.779696248329044,1200–1800 m
2021-12-03,2021-12-10,0.0,0.0,1200–1800 m
2021-12-10,2021-12-17,0.7223499765625,0.0311550285949955,1200–1800 m
2021-12-17,2021-12-24,974.4082447485448,42.02632756050722,1200–1800 m
2021-12-24,2021-12-31,291.7577033878677,12.583539678529746,1200–1800 m
2021-12-31,2022-01-07,97.49278301514136,4.20487373322372,1200–1800 m
2022-01-07,2022-01-14,15.635722444010415,0.6743703130783034,1200–1800 m
2022-01-14,2022-01-21,1603.2379047651502,69.14781530863284,1200–1800 m
2022-01-21,2022-01-28,1715.429854966468,73.98666563058332,1200–1800 m
2022-01-28,2022-02-04,1903.4931749422797,82.09785591454848,1200–1800 m
2022-02-04,2022-02-11,1219.5818562803922,52.600690578226704,1200–1800 m
2022-02-11,2022-02-18,502.2752045333182,21.663181099914965,1200–1800 m
2022-02-18,2022-02-25,403.7167299104933,17.412343978322596,1200–1800 m
2022-02-25,2022-03-04,131.78205704353553,5.683773639803599,1200–1800 m
2022-03-04,2022-03-11,0.0,0.0,1200–1800 m
2022-03-11,2022-03-18,1636.45392112502,70.5804255018638,1200–1800 m
2022-03-18,2022-03-25,0.0,0.0,1200–1800 m
2022-03-25,2022-04-01,1034.1679706180496,44.603770668006824,1200–1800 m
2022-04-01,2022-04-08,0.0,0.0,1200–1800 m
2022-04-08,2022-04-15,41.92795151953125,1.808356850424236,1200–1800 m
2022-04-15,2022-04-22,15.989603098958334,0.6896332220308092,1200–1800 m
2022-04-22,2022-04-29,0.412876015625,0.01780738491084,1200–1800 m
2022-04-29,2022-05-06,0.0,0.0,1200–1800 m
2022-05-06,2022-05-13,0.0,0.0,1200–1800 m
2022-05-13,2022-05-20,0.0,0.0,1200–1800 m
2022-05-20,2022-05-27,0.0,0.0,1200–1800 m
2022-05-27,2022-06-03,0.0,0.0,1200–1800 m
2022-06-03,2022-06-10,0.0,0.0,1200–1800 m
2022-06-10,2022-06-17,0.0,0.0,1200–1800 m
2022-06-17,2022-06-24,0.0,0.0,1200–1800 m
2022-06-24,2022-07-01,0.0,0.0,1200–1800 m
2022-07-01,2022-07-08,0.0,0.0,1200–1800 m
2022-07-08,2022-07-15,0.0,0.0,1200–1800 m
2022-07-15,2022-07-22,0.0,0.0,1200–1800 m
2022-07-22,2022-07-29,0.0,0.0,1200–1800 m
2022-07-29,2022-08-05,0.0,0.0,1200–1800 m
2022-08-05,2022-08-12,0.0,0.0,1200–1800 m
2022-08-12,2022-08-19,0.0,0.0,1200–1800 m
2022-08-19,2022-08-26,0.0,0.0,1200–1800 m
2022-08-26,2022-09-02,0.0,0.0,1200–1800 m
2022-09-02,2022-09-09,0.0,0.0,1200–1800 m
2022-09-09,2022-09-16,0.0,0.0,1200–1800 m
2022-09-16,2022-09-23,0.0,0.0,1200–1800 m
2022-09-23,2022-09-30,0.0,0.0,1200–1800 m
2022-09-30,2022-10-07,0.0,0.0,1200–1800 m
2022-10-07,2022-10-14,0.0,0.0,1200–1800 m
2022-10-14,2022-10-21,0.0,0.0,1200–1800 m
2022-10-21,2022-10-28,0.0,0.0,1200–1800 m
2022-10-28,2022-11-04,0.0,0.0,1200–1800 m
2022-11-04,2022-11-11,0.0,0.0,1200–1800 m
2022-11-11,2022-11-18,0.0,0.0,1200–1800 m
2022-11-18,2022-11-25,0.0,0.0,1200–1800 m
2022-11-25,2022-12-02,0.8285685625,0.0357362471034403,1200–1800 m
2022-12-02,2022-12-09,0.0,0.0,1200–1800 m
2022-12-09,2022-12-16,0.0,0.0,1200–1800 m
2022-12-16,2022-12-23,0.0,0.0,1200–1800 m
2022-12-23,2022-12-30,0.0703508867647058,0.0030342409634563,1200–1800 m
2022-12-30,2023-01-06,1.5403666276041663,0.0664361706747178,1200–1800 m
2023-01-06,2023-01-13,0.1031058359375,0.0044469652816079,1200–1800 m
2023-01-13,2023-01-20,0.0,0.0,1200–1800 m
2023-01-20,2023-01-27,0.878132046875,0.0378739252692499,1200–1800 m
2023-01-27,2023-02-03,0.3102530546875,0.0133812460775202,1200–1800 m
2023-02-03,2023-02-10,1442.9653148232196,62.23524206207885,1200–1800 m
2023-02-10,2023-02-17,1726.8954519702668,74.48117800561229,1200–1800 m
2023-02-17,2023-02-24,1448.2492840063574,62.463140195029766,1200–1800 m
2023-02-24,2023-03-03,448.2525009917129,19.33317635397855,1200–1800 m
2023-03-03,2023-03-10,4.95892590625,0.213878983072571,1200–1800 m
2023-03-10,2023-03-17,37.52300334652158,1.6183709838188738,1200–1800 m
2023-03-17,2023-03-24,6.9276746171875,0.2987913169491561,1200–1800 m
2023-03-24,2023-03-31,2.0650987421875,0.0890679206089434,1200–1800 m
2023-03-31,2023-04-07,70.34437451156995,3.0339600893105527,1200–1800 m
2023-04-07,2023-04-14,0.0,0.0,1200–1800 m
2023-04-14,2023-04-21,104.13805582144715,4.491485031097957,1200–1800 m
2023-04-21,2023-04-28,0.0,0.0,1200–1800 m
2023-04-28,2023-05-05,0.0,0.0,1200–1800 m
2023-05-05,2023-05-12,0.0,0.0,1200–1800 m
2023-05-12,2023-05-19,0.0,0.0,1200–1800 m
2023-05-19,2023-05-26,0.0,0.0,1200–1800 m
2023-05-26,2023-06-02,0.0,0.0,1200–1800 m
2023-06-02,2023-06-09,0.0,0.0,1200–1800 m
2023-06-09,2023-06-16,0.0,0.0,1200–1800 m
2023-06-16,2023-06-23,0.0,0.0,1200–1800 m
2023-06-23,2023-06-30,0.0,0.0,1200–1800 m
2023-06-30,2023-07-07,0.0,0.0,1200–1800 m
2023-07-07,2023-07-14,0.0,0.0,1200–1800 m
2023-07-14,2023-07-21,0.0,0.0,1200–1800 m
2023-07-21,2023-07-28,0.0,0.0,1200–1800 m
2023-07-28,2023-08-04,0.0,0.0,1200–1800 m
2023-08-04,2023-08-11,0.0,0.0,1200–1800 m
2023-08-11,2023-08-18,0.0,0.0,1200–1800 m
2023-08-18,2023-08-25,0.0,0.0,1200–1800 m
2023-08-25,2023-09-01,0.0,0.0,1200–1800 m
2023-09-01,2023-09-08,0.0,0.0,1200–1800 m
2023-09-08,2023-09-15,0.0,0.0,1200–1800 m
2023-09-15,2023-09-22,0.0,0.0,1200–1800 m
2023-09-22,2023-09-29,0.0,0.0,1200–1800 m
2023-09-29,2023-10-06,0.0,0.0,1200–1800 m
2023-10-06,2023-10-13,0.0,0.0,1200–1800 m
2023-10-13,2023-10-20,0.0,0.0,1200–1800 m
2023-10-20,2023-10-27,0.0,0.0,1200–1800 m
2023-10-27,2023-11-03,0.618656578125,0.0266827216824846,1200–1800 m
2023-11-03,2023-11-10,0.0,0.0,1200–1800 m
2023-11-10,2023-11-17,0.0,0.0,1200–1800 m
2023-11-17,2023-11-24,0.0,0.0,1200–1800 m
2023-11-24,2023-12-01,0.0,0.0,1200–1800 m
2023-12-01,2023-12-08,0.0,0.0,1200–1800 m
2023-12-08,2023-12-15,0.0,0.0,1200–1800 m
2023-12-15,2023-12-22,0.0,0.0,1200–1800 m
2023-12-22,2023-12-29,0.0,0.0,1200–1800 m
2023-12-29,2024-01-05,0.0,0.0,1200–1800 m
2024-01-05,2024-01-12,0.0,0.0,1200–1800 m
2024-01-12,2024-01-19,49.7150997890625,2.1442173541723455,1200–1800 m
2024-01-19,2024-01-26,39.10954709505208,1.6867987784564535,1200–1800 m
2024-01-26,2024-02-02,0.0,0.0,1200–1800 m
2024-02-02,2024-02-09,54.71434049908088,2.359835118867341,1200–1800 m
2024-02-09,2024-02-16,277.7370604223192,11.97882790904844,1200–1800 m
2024-02-16,2024-02-23,21.1612575390625,0.912687208592322,1200–1800 m
2024-02-23,2024-03-01,31.552210940104167,1.360850094786739,1200–1800 m
2024-03-01,2024-03-08,19.50457649609375,0.8412343852502387,1200–1800 m
2024-03-08,2024-03-15,9.0893435703125,0.392024320662968,1200–1800 m
2024-03-15,2024-03-22,0.0,0.0,1200–1800 m
2024-03-22,2024-03-29,0.2064165,0.0089027648212604,1200–1800 m
2024-03-29,2024-04-05,0.4128894921875,0.0178079661563632,1200–1800 m
2024-04-05,2024-04-12,0.0,0.0,1200–1800 m
2024-04-12,2024-04-19,0.0,0.0,1200–1800 m
2024-04-19,2024-04-26,0.0,0.0,1200–1800 m
2024-04-26,2024-05-03,0.0,0.0,1200–1800 m
2024-05-03,2024-05-10,0.0,0.0,1200–1800 m
2024-05-10,2024-05-17,0.0,0.0,1200–1800 m
2024-05-17,2024-05-24,0.0,0.0,1200–1800 m
2024-05-24,2024-05-31,0.0,0.0,1200–1800 m
2024-05-31,2024-06-07,0.0,0.0,1200–1800 m
2024-06-07,2024-06-14,0.0,0.0,1200–1800 m
2024-06-14,2024-06-21,0.0,0.0,1200–1800 m
2024-06-21,2024-06-28,0.0,0.0,1200–1800 m
2024-06-28,2024-07-05,0.0,0.0,1200–1800 m
2024-07-05,2024-07-12,0.0,0.0,1200–1800 m
2024-07-12,2024-07-19,0.0,0.0,1200–1800 m
2024-07-19,2024-07-26,0.0,0.0,1200–1800 m
2024-07-26,2024-08-02,0.0,0.0,1200–1800 m
2024-08-02,2024-08-09,0.0,0.0,1200–1800 m
2024-08-09,2024-08-16,0.0,0.0,1200–1800 m
2024-08-16,2024-08-23,0.0,0.0,1200–1800 m
2024-08-23,2024-08-30,0.0,0.0,1200–1800 m
2024-08-30,2024-09-06,0.0,0.0,1200–1800 m
2024-09-06,2024-09-13,0.0,0.0,1200–1800 m
2024-09-13,2024-09-20,0.0,0.0,1200–1800 m
2024-09-20,2024-09-27,0.0,0.0,1200–1800 m
2024-09-27,2024-10-04,0.0,0.0,1200–1800 m
2024-10-04,2024-10-11,0.0,0.0,1200–1800 m
2024-10-11,2024-10-18,0.0,0.0,1200–1800 m
2024-10-18,2024-10-25,0.0,0.0,1200–1800 m
2024-10-25,2024-11-01,0.0,0.0,1200–1800 m
2024-11-01,2024-11-08,0.0,0.0,1200–1800 m
2024-11-08,2024-11-15,0.0,0.0,1200–1800 m
2024-11-15,2024-11-22,0.0,0.0,1200–1800 m
2024-11-22,2024-11-29,0.517266046875,0.0223097376680216,1200–1800 m
2024-11-29,2024-12-06,3.3698188260230655,0.1453406316759521,1200–1800 m
2024-12-06,2024-12-13,0.0,0.0,1200–1800 m
2024-12-13,2024-12-20,0.0,0.0,1200–1800 m
2024-12-20,2024-12-27,0.0,0.0,1200–1800 m
2024-12-27,2025-01-03,203.79504243232233,8.789701087431236,1200–1800 m
2025-01-03,2025-01-10,54.14629710625,2.335335349058996,1200–1800 m
2025-01-10,2025-01-17,6.8313361953125,0.2946362309303326,1200–1800 m
2025-01-17,2025-01-24,2.0721607265625,0.0893725047195259,1200–1800 m
2025-01-24,2025-01-31,1.4148585598958332,0.0610229948385898,1200–1800 m
2025-01-31,2025-02-07,0.0,0.0,1200–1800 m
2025-02-07,2025-02-14,1197.9560478971607,51.66796724406713,1200–1800 m
2025-02-14,2025-02-21,454.9606315692095,19.622498713972828,1200–1800 m
2025-02-21,2025-02-28,353.76834768147984,15.258065128582729,1200–1800 m
2025-02-28,2025-03-07,352.78954261268376,15.215849165549985,1200–1800 m
2025-03-07,2025-03-14,49.68435756640625,2.142891438955338,1200–1800 m
2025-03-14,2025-03-21,1.2351794921875,0.0532734182150611,1200–1800 m
2025-03-21,2025-03-28,163.73064274175857,7.061719418572075,1200–1800 m
2025-03-28,2025-04-04,0.0,0.0,1200–1800 m
2025-04-04,2025-04-11,0.0,0.0,1200–1800 m
2025-04-11,2025-04-18,0.068629109375,0.0029599805280013,1200–1800 m
2025-04-18,2025-04-25,0.0,0.0,1200–1800 m
2025-04-25,2025-05-02,0.0,0.0,1200–1800 m
2025-05-02,2025-05-09,0.0,0.0,1200–1800 m
2025-05-09,2025-05-16,0.0,0.0,1200–1800 m
2025-05-16,2025-05-23,0.0,0.0,1200–1800 m
2025-05-23,2025-05-30,0.0,0.0,1200–1800 m
2016-10-01,2016-10-08,0.0,0.0,Above 1200 m
2016-10-08,2016-10-15,0.0,0.0,Above 1200 m
2016-10-15,2016-10-22,0.0,0.0,Above 1200 m
2016-10-22,2016-10-29,0.0,0.0,Above 1200 m
2016-10-29,2016-11-05,0.0,0.0,Above 1200 m
2016-11-05,2016-11-12,0.0,0.0,Above 1200 m
2016-11-12,2016-11-19,0.0,0.0,Above 1200 m
2016-11-19,2016-11-26,0.0,0.0,Above 1200 m
2016-11-26,2016-12-03,0.0,0.0,Above 1200 m
2016-12-03,2016-12-10,0.0,0.0,Above 1200 m
2016-12-10,2016-12-17,0.0,0.0,Above 1200 m
2016-12-17,2016-12-24,0.0,0.0,Above 1200 m
2016-12-24,2016-12-31,0.0,0.0,Above 1200 m
2016-12-31,2017-01-07,0.0,0.0,Above 1200 m
2017-01-07,2017-01-14,159.3970020741422,4.422728715292705,Above 1200 m
2017-01-14,2017-01-21,0.0,0.0,Above 1200 m
2017-01-21,2017-01-28,0.0,0.0,Above 1200 m
2017-01-28,2017-02-04,0.0,0.0,Above 1200 m
2017-02-04,2017-02-11,1.0328662488357845,0.028658551656184,Above 1200 m
2017-02-11,2017-02-18,0.0,0.0,Above 1200 m
2017-02-18,2017-02-25,0.0,0.0,Above 1200 m
2017-02-25,2017-03-04,0.0,0.0,Above 1200 m
2017-03-04,2017-03-11,0.0,0.0,Above 1200 m
2017-03-11,2017-03-18,0.0,0.0,Above 1200 m
2017-03-18,2017-03-25,0.0,0.0,Above 1200 m
2017-03-25,2017-04-01,0.0,0.0,Above 1200 m
2017-04-01,2017-04-08,185.7815950509385,5.154812101312156,Above 1200 m
2017-04-08,2017-04-15,3.192534340931372,0.0885820506061185,Above 1200 m
2017-04-15,2017-04-22,75.10037694856005,2.083781936533579,Above 1200 m
2017-04-22,2017-04-29,0.0,0.0,Above 1200 m
2017-04-29,2017-05-06,38.9401080078125,1.08045654323313,Above 1200 m
2017-05-06,2017-05-13,18.1396550234375,0.50331419106831,Above 1200 m
2017-05-13,2017-05-20,5.3156121224979564,0.1474902919604125,Above 1200 m
2017-05-20,2017-05-27,12.328888054687502,0.3420850236677143,Above 1200 m
2017-05-27,2017-06-03,0.4440759266850489,0.0123216078543725,Above 1200 m
2017-06-03,2017-06-10,0.0,0.0,Above 1200 m
2017-06-10,2017-06-17,0.0,0.0,Above 1200 m
2017-06-17,2017-06-24,1.052419187397876,0.0292010796944886,Above 1200 m
2017-06-24,2017-07-01,0.0,0.0,Above 1200 m
2017-07-01,2017-07-08,0.0,0.0,Above 1200 m
2017-07-08,2017-07-15,0.0,0.0,Above 1200 m
2017-07-15,2017-07-22,1.2491102877553106,0.0346585937397573,Above 1200 m
2017-07-22,2017-07-29,0.0,0.0,Above 1200 m
2017-07-29,2017-08-05,0.0,0.0,Above 1200 m
2017-08-05,2017-08-12,0.0,0.0,Above 1200 m
2017-08-12,2017-08-19,0.0,0.0,Above 1200 m
2017-08-19,2017-08-26,0.0,0.0,Above 1200 m
2017-08-26,2017-09-02,0.5478951640216502,0.0152022412175696,Above 1200 m
2017-09-02,2017-09-09,0.0,0.0,Above 1200 m
2017-09-09,2017-09-16,0.0,0.0,Above 1200 m
2017-09-16,2017-09-23,0.0,0.0,Above 1200 m
2017-09-23,2017-09-30,0.0,0.0,Above 1200 m
2017-09-30,2017-10-07,0.0,0.0,Above 1200 m
2017-10-07,2017-10-14,0.0,0.0,Above 1200 m
2017-10-14,2017-10-21,0.0,0.0,Above 1200 m
2017-10-21,2017-10-28,0.0,0.0,Above 1200 m
2017-10-28,2017-11-04,0.0,0.0,Above 1200 m
2017-11-04,2017-11-11,0.0,0.0,Above 1200 m
2017-11-11,2017-11-18,0.0,0.0,Above 1200 m
2017-11-18,2017-11-25,0.0,0.0,Above 1200 m
2017-11-25,2017-12-02,183.0967674842167,5.080317199774253,Above 1200 m
2017-12-02,2017-12-09,851.2037701760387,23.618031129417897,Above 1200 m
2017-12-09,2017-12-16,0.0,0.0,Above 1200 m
2017-12-16,2017-12-23,299.8585855044577,8.320063485389458,Above 1200 m
2017-12-23,2017-12-30,7.526519299754902,0.2088355025507144,Above 1200 m
2017-12-30,2018-01-06,0.0,0.0,Above 1200 m
2018-01-06,2018-01-13,335.56608572147667,9.310826075062712,Above 1200 m
2018-01-13,2018-01-20,713.1606410686582,19.78780030256653,Above 1200 m
2018-01-20,2018-01-27,376.03170079577205,10.433610289585278,Above 1200 m
2018-01-27,2018-02-03,1330.3111388730958,36.911643240511346,Above 1200 m
2018-02-03,2018-02-10,0.0,0.0,Above 1200 m
2018-02-10,2018-02-17,0.0,0.0,Above 1200 m
2018-02-17,2018-02-24,0.2172887110294117,0.0060290282080193,Above 1200 m
2018-02-24,2018-03-03,359.14371119917286,9.965025588740644,Above 1200 m
2018-03-03,2018-03-10,247.28447756334245,6.861309469652616,Above 1200 m
2018-03-10,2018-03-17,188.40291618141848,5.22754491362932,Above 1200 m
2018-03-17,2018-03-24,143.2523639999606,3.9747695097897178,Above 1200 m
2018-03-24,2018-03-31,77.07489738325674,2.138568213011999,Above 1200 m
2018-03-31,2018-04-07,56.07339934866205,1.555847539391293,Above 1200 m
2018-04-07,2018-04-14,7.540925486979167,0.2092352256137931,Above 1200 m
2018-04-14,2018-04-21,7.321780260416667,0.2031546853669541,Above 1200 m
2018-04-21,2018-04-28,6.800277856770834,0.1886847541531553,Above 1200 m
2018-04-28,2018-05-05,6.731410656250001,0.1867739218205394,Above 1200 m
2018-05-05,2018-05-12,3.670355053255209,0.1018399623463486,Above 1200 m
2018-05-12,2018-05-19,0.2747337552083333,0.0076229342610528,Above 1200 m
2018-05-19,2018-05-26,0.0,0.0,Above 1200 m
2018-05-26,2018-06-02,1.7131126540134802,0.047533093024626,Above 1200 m
2018-06-02,2018-06-09,0.0,0.0,Above 1200 m
2018-06-09,2018-06-16,0.0,0.0,Above 1200 m
2018-06-16,2018-06-23,0.205518359375,0.0057024406839525,Above 1200 m
2018-06-23,2018-06-30,0.0,0.0,Above 1200 m
2018-06-30,2018-07-07,0.0,0.0,Above 1200 m
2018-07-07,2018-07-14,0.0,0.0,Above 1200 m
2018-07-14,2018-07-21,0.0,0.0,Above 1200 m
2018-07-21,2018-07-28,0.0,0.0,Above 1200 m
2018-07-28,2018-08-04,0.0,0.0,Above 1200 m
2018-08-04,2018-08-11,0.0,0.0,Above 1200 m
2018-08-11,2018-08-18,0.0,0.0,Above 1200 m
2018-08-18,2018-08-25,0.0,0.0,Above 1200 m
2018-08-25,2018-09-01,0.0,0.0,Above 1200 m
2018-09-01,2018-09-08,0.0,0.0,Above 1200 m
2018-09-08,2018-09-15,0.41337059375,0.0114696385204618,Above 1200 m
2018-09-15,2018-09-22,0.0,0.0,Above 1200 m
2018-09-22,2018-09-29,0.0,0.0,Above 1200 m
2018-09-29,2018-10-06,0.0,0.0,Above 1200 m
2018-10-06,2018-10-13,0.824166125,0.0228678277494425,Above 1200 m
2018-10-13,2018-10-20,2.1461792252604166,0.0595492284309637,Above 1200 m
2018-10-20,2018-10-27,0.0,0.0,Above 1200 m
2018-10-27,2018-11-03,24.00487124321057,0.6660541413750604,Above 1200 m
2018-11-03,2018-11-10,3.165671616651348,0.0878367006905098,Above 1200 m
2018-11-10,2018-11-17,62.362844523023895,1.730358411076136,Above 1200 m
2018-11-17,2018-11-24,254.0509777075061,7.049057006307695,Above 1200 m
2018-11-24,2018-12-01,99.4772943763021,2.7601591035761928,Above 1200 m
2018-12-01,2018-12-08,0.0,0.0,Above 1200 m
2018-12-08,2018-12-15,330.67503965672483,9.175116057955016,Above 1200 m
2018-12-15,2018-12-22,194.9660584774816,5.409649956494862,Above 1200 m
2018-12-22,2018-12-29,589.3982718957261,16.35381235491881,Above 1200 m
2018-12-29,2019-01-05,1258.127962587699,34.90880377449701,Above 1200 m
2019-01-05,2019-01-12,2463.959790225835,68.36656634539176,Above 1200 m
2019-01-12,2019-01-19,1241.7387560242134,34.45405861902994,Above 1200 m
2019-01-19,2019-01-26,3111.975422832766,86.34681257960982,Above 1200 m
2019-01-26,2019-02-02,2180.8798165948974,60.512052698268725,Above 1200 m
2019-02-02,2019-02-09,1501.778780985034,41.66929146879646,Above 1200 m
2019-02-09,2019-02-16,992.1354619869786,27.528409820085496,Above 1200 m
2019-02-16,2019-02-23,1443.1357769280326,40.04214607321815,Above 1200 m
2019-02-23,2019-03-02,1296.3085972468448,35.96818749613413,Above 1200 m
2019-03-02,2019-03-09,427.3097488834712,11.856403019627578,Above 1200 m
2019-03-09,2019-03-16,1077.6824169264703,29.902049030318288,Above 1200 m
2019-03-16,2019-03-23,1130.2206989989795,31.35980899914226,Above 1200 m
2019-03-23,2019-03-30,0.0,0.0,Above 1200 m
2019-03-30,2019-04-06,4.177867560355392,0.1159217211580866,Above 1200 m
2019-04-06,2019-04-13,453.0953440732076,12.57186623915234,Above 1200 m
2019-04-13,2019-04-20,0.0,0.0,Above 1200 m
2019-04-20,2019-04-27,361.1741204644301,10.02136259159765,Above 1200 m
2019-04-27,2019-05-04,283.22858066100906,7.858636990540038,Above 1200 m
2019-05-04,2019-05-11,107.06906410580066,2.9708050852799484,Above 1200 m
2019-05-11,2019-05-18,125.6178219376497,3.485470498232764,Above 1200 m
2019-05-18,2019-05-25,62.88612941292381,1.7448778002661698,Above 1200 m
2019-05-25,2019-06-01,35.44266546696465,0.9834143193881728,Above 1200 m
2019-06-01,2019-06-08,10.030632979166668,0.2783162037695506,Above 1200 m
2019-06-08,2019-06-15,7.4903001328125,0.2078305429366958,Above 1200 m
2019-06-15,2019-06-22,1.2216794924479168,0.0338974817708327,Above 1200 m
2019-06-22,2019-06-29,0.0,0.0,Above 1200 m
2019-06-29,2019-07-06,0.0,0.0,Above 1200 m
2019-07-06,2019-07-13,0.0,0.0,Above 1200 m
2019-07-13,2019-07-20,0.0,0.0,Above 1200 m
2019-07-20,2019-07-27,0.0,0.0,Above 1200 m
2019-07-27,2019-08-03,0.0,0.0,Above 1200 m
2019-08-03,2019-08-10,0.0,0.0,Above 1200 m
2019-08-10,2019-08-17,0.0,0.0,Above 1200 m
2019-08-17,2019-08-24,0.0,0.0,Above 1200 m
2019-08-24,2019-08-31,0.0,0.0,Above 1200 m
2019-08-31,2019-09-07,0.0,0.0,Above 1200 m
2019-09-07,2019-09-14,0.0,0.0,Above 1200 m
2019-09-14,2019-09-21,0.0,0.0,Above 1200 m
2019-09-21,2019-09-28,0.0,0.0,Above 1200 m
2019-09-28,2019-10-05,0.0,0.0,Above 1200 m
2019-10-05,2019-10-12,0.0,0.0,Above 1200 m
2019-10-12,2019-10-19,0.0,0.0,Above 1200 m
2019-10-19,2019-10-26,0.1528232459558823,0.0042403291746913,Above 1200 m
2019-10-26,2019-11-02,141.86960255723042,3.9364025476788633,Above 1200 m
2019-11-02,2019-11-09,113.5398272892378,3.1503469196234493,Above 1200 m
2019-11-09,2019-11-16,0.0,0.0,Above 1200 m
2019-11-16,2019-11-23,43.67400330761847,1.211806157122998,Above 1200 m
2019-11-23,2019-11-30,0.8240688125,0.0228651276560749,Above 1200 m
2019-11-30,2019-12-07,94.25532954784006,2.6152672078908212,Above 1200 m
2019-12-07,2019-12-14,169.96485772011846,4.7159510345103985,Above 1200 m
2019-12-14,2019-12-21,289.83177001516543,8.041853204076842,Above 1200 m
2019-12-21,2019-12-28,223.3628836050092,6.197565991805513,Above 1200 m
2019-12-28,2020-01-04,890.6036952260112,24.71124604332098,Above 1200 m
2020-01-04,2020-01-11,1713.1236504775216,47.53339813938137,Above 1200 m
2020-01-11,2020-01-18,2194.1599266036446,60.88053092002733,Above 1200 m
2020-01-18,2020-01-25,1645.4656746465687,45.65611770981,Above 1200 m
2020-01-25,2020-02-01,2825.050770312315,78.38562207216651,Above 1200 m
2020-02-01,2020-02-08,1462.0803807247396,40.5677948753993,Above 1200 m
2020-02-08,2020-02-15,399.266926768321,11.078309372867333,Above 1200 m
2020-02-15,2020-02-22,1446.0459326828038,40.122893071311715,Above 1200 m
2020-02-22,2020-02-29,798.639983586448,22.159563496343047,Above 1200 m
2020-02-29,2020-03-07,1542.8406158753833,42.80861877049617,Above 1200 m
2020-03-07,2020-03-14,627.2568210019762,17.404259289759207,Above 1200 m
2020-03-14,2020-03-21,490.2551337685967,13.602924959212777,Above 1200 m
2020-03-21,2020-03-28,840.1945736052277,23.31256308941436,Above 1200 m
2020-03-28,2020-04-04,0.0,0.0,Above 1200 m
2020-04-04,2020-04-11,176.43843720052084,4.895571011587432,Above 1200 m
2020-04-11,2020-04-18,160.39879387380515,4.450525055885443,Above 1200 m
2020-04-18,2020-04-25,81.72633695248162,2.2676299587322273,Above 1200 m
2020-04-25,2020-05-02,204.20577038204257,5.666020770434798,Above 1200 m
2020-05-02,2020-05-09,14.225291070955882,0.394703805493464,Above 1200 m
2020-05-09,2020-05-16,69.4815112498697,1.9278773815569936,Above 1200 m
2020-05-16,2020-05-23,15.699634842447914,0.4356118680639115,Above 1200 m
2020-05-23,2020-05-30,97.364897109375,2.701547210447872,Above 1200 m
2020-05-30,2020-06-06,8.775226808407735,0.2434829205300793,Above 1200 m
2020-06-06,2020-06-13,1.30509366015625,0.0362119433352621,Above 1200 m
2020-06-13,2020-06-20,0.1692649090401785,0.0046965298215282,Above 1200 m
2020-06-20,2020-06-27,0.0,0.0,Above 1200 m
2020-06-27,2020-07-04,0.0,0.0,Above 1200 m
2020-07-04,2020-07-11,0.0,0.0,Above 1200 m
2020-07-11,2020-07-18,0.0,0.0,Above 1200 m
2020-07-18,2020-07-25,0.0,0.0,Above 1200 m
2020-07-25,2020-08-01,0.0,0.0,Above 1200 m
2020-08-01,2020-08-08,0.0,0.0,Above 1200 m
2020-08-08,2020-08-15,0.0,0.0,Above 1200 m
2020-08-15,2020-08-22,0.0,0.0,Above 1200 m
2020-08-22,2020-08-29,0.0,0.0,Above 1200 m
2020-08-29,2020-09-05,0.0,0.0,Above 1200 m
2020-09-05,2020-09-12,0.0,0.0,Above 1200 m
2020-09-12,2020-09-19,0.0,0.0,Above 1200 m
2020-09-19,2020-09-26,0.0,0.0,Above 1200 m
2020-09-26,2020-10-03,0.0,0.0,Above 1200 m
2020-10-03,2020-10-10,0.0,0.0,Above 1200 m
2020-10-10,2020-10-17,0.0,0.0,Above 1200 m
2020-10-17,2020-10-24,0.0,0.0,Above 1200 m
2020-10-24,2020-10-31,0.0,0.0,Above 1200 m
2020-10-31,2020-11-07,6.70102772317708,0.1859308979944456,Above 1200 m
2020-11-07,2020-11-14,44.36491397135417,1.2309765956660297,Above 1200 m
2020-11-14,2020-11-21,129.94645806596202,3.605575538187251,Above 1200 m
2020-11-21,2020-11-28,87.35810317748161,2.423892459764319,Above 1200 m
2020-11-28,2020-12-05,4.9450016450980385,0.1372071023191008,Above 1200 m
2020-12-05,2020-12-12,138.90409799378318,3.8541198069909983,Above 1200 m
2020-12-12,2020-12-19,0.0,0.0,Above 1200 m
2020-12-19,2020-12-26,227.41685015586705,6.310049878214966,Above 1200 m
2020-12-26,2021-01-02,249.30330181176055,6.917325027401028,Above 1200 m
2021-01-02,2021-01-09,183.79752277669525,5.099760793531409,Above 1200 m
2021-01-09,2021-01-16,508.36986748716265,14.105547668200218,Above 1200 m
2021-01-16,2021-01-23,273.4093094557905,7.586185362482649,Above 1200 m
2021-01-23,2021-01-30,1796.7798754788755,49.85457597655537,Above 1200 m
2021-01-30,2021-02-06,951.0740822988053,26.389095148709497,Above 1200 m
2021-02-06,2021-02-13,726.4010494158548,20.155176937241944,Above 1200 m
2021-02-13,2021-02-20,561.1682535972739,15.570524646008646,Above 1200 m
2021-02-20,2021-02-27,2228.484246798667,61.83291493342812,Above 1200 m
2021-02-27,2021-03-06,260.02610027328444,7.214846486694341,Above 1200 m
2021-03-06,2021-03-13,653.8081921200802,18.14097020619044,Above 1200 m
2021-03-13,2021-03-20,380.6101478284927,10.560646738825657,Above 1200 m
2021-03-20,2021-03-27,248.90676730854776,6.906322533557714,Above 1200 m
2021-03-27,2021-04-03,384.8787873753523,10.67908707618124,Above 1200 m
2021-04-03,2021-04-10,0.0,0.0,Above 1200 m
2021-04-10,2021-04-17,313.0061654605392,8.684864445581427,Above 1200 m
2021-04-17,2021-04-24,108.64939033038196,3.014653803148147,Above 1200 m
2021-04-24,2021-05-01,57.66355702589285,1.599969046881506,Above 1200 m
2021-05-01,2021-05-08,25.559647121093754,0.7091939233752256,Above 1200 m
2021-05-08,2021-05-15,15.560233596354168,0.4317439540754187,Above 1200 m
2021-05-15,2021-05-22,4.9468886417782745,0.1372594601068556,Above 1200 m
2021-05-22,2021-05-29,0.70398491796875,0.0195332049619423,Above 1200 m
2021-05-29,2021-06-05,0.068679609375,0.001905627311589,Above 1200 m
2021-06-05,2021-06-12,0.0,0.0,Above 1200 m
2021-06-12,2021-06-19,0.0,0.0,Above 1200 m
2021-06-19,2021-06-26,0.0,0.0,Above 1200 m
2021-06-26,2021-07-03,0.0,0.0,Above 1200 m
2021-07-03,2021-07-10,0.0,0.0,Above 1200 m
2021-07-10,2021-07-17,0.0,0.0,Above 1200 m
2021-07-17,2021-07-24,0.0,0.0,Above 1200 m
2021-07-24,2021-07-31,0.0,0.0,Above 1200 m
2021-07-31,2021-08-07,0.0,0.0,Above 1200 m
2021-08-07,2021-08-14,0.0,0.0,Above 1200 m
2021-08-14,2021-08-21,0.0,0.0,Above 1200 m
2021-08-21,2021-08-28,0.0,0.0,Above 1200 m
2021-08-28,2021-09-04,0.0,0.0,Above 1200 m
2021-09-04,2021-09-11,0.0,0.0,Above 1200 m
2021-09-11,2021-09-18,0.0,0.0,Above 1200 m
2021-09-18,2021-09-25,0.0,0.0,Above 1200 m
2021-10-01,2021-10-08,0.0,0.0,Above 1200 m
2021-10-08,2021-10-15,0.0,0.0,Above 1200 m
2021-10-15,2021-10-22,1.86212425,0.0516676617800323,Above 1200 m
2021-10-22,2021-10-29,0.238668400390625,0.0066222424142557,Above 1200 m
2021-10-29,2021-11-05,0.0,0.0,Above 1200 m
2021-11-05,2021-11-12,0.0,0.0,Above 1200 m
2021-11-12,2021-11-19,0.0,0.0,Above 1200 m
2021-11-19,2021-11-26,182.57021400928303,5.06570711838362,Above 1200 m
2021-11-26,2021-12-03,621.7853832377011,17.252445362275548,Above 1200 m
2021-12-03,2021-12-10,171.14756182537786,4.748767080859829,Above 1200 m
2021-12-10,2021-12-17,611.3536020741882,16.96299865058609,Above 1200 m
2021-12-17,2021-12-24,1593.132344100261,44.204044453962936,Above 1200 m
2021-12-24,2021-12-31,1419.659394017526,39.39075569900516,Above 1200 m
2021-12-31,2022-01-07,957.5002112993878,26.567398535154823,Above 1200 m
2022-01-07,2022-01-14,565.897192133946,15.701736726454584,Above 1200 m
2022-01-14,2022-01-21,2555.5162883061366,70.90695009077137,Above 1200 m
2022-01-21,2022-01-28,2951.980487624264,81.9074932383408,Above 1200 m
2022-01-28,2022-02-04,3038.81707867074,84.31691549698992,Above 1200 m
2022-02-04,2022-02-11,2349.7563151754753,65.19780544073873,Above 1200 m
2022-02-11,2022-02-18,1243.3139464249086,34.49776483512281,Above 1200 m
2022-02-18,2022-02-25,1258.374995613971,34.91565810704218,Above 1200 m
2022-02-25,2022-03-04,583.9887623073225,16.2037167252585,Above 1200 m
2022-03-04,2022-03-11,0.0,0.0,Above 1200 m
2022-03-11,2022-03-18,2862.968809857725,79.43771966586583,Above 1200 m
2022-03-18,2022-03-25,1.8888758572303923,0.0524099285726226,Above 1200 m
2022-03-25,2022-04-01,1982.742981484305,55.01442439411011,Above 1200 m
2022-04-01,2022-04-08,0.0,0.0,Above 1200 m
2022-04-08,2022-04-15,357.3751688542586,9.915954508913025,Above 1200 m
2022-04-15,2022-04-22,227.21183910207972,6.30436151354851,Above 1200 m
2022-04-22,2022-04-29,58.6930604165237,1.6285342905748372,Above 1200 m
2022-04-29,2022-05-06,37.114141095322715,1.0297921255090972,Above 1200 m
2022-05-06,2022-05-13,24.83908506204044,0.6892007587092854,Above 1200 m
2022-05-13,2022-05-20,3.3722744791666663,0.0935692326755414,Above 1200 m
2022-05-20,2022-05-27,3.9695975708333338,0.1101429320265039,Above 1200 m
2022-05-27,2022-06-03,0.928057953125,0.0257504752619657,Above 1200 m
2022-06-03,2022-06-10,0.05151241015625,0.0014292954862853,Above 1200 m
2022-06-10,2022-06-17,0.0,0.0,Above 1200 m
2022-06-17,2022-06-24,0.0,0.0,Above 1200 m
2022-06-24,2022-07-01,0.0,0.0,Above 1200 m
2022-07-01,2022-07-08,0.0,0.0,Above 1200 m
2022-07-08,2022-07-15,0.0,0.0,Above 1200 m
2022-07-15,2022-07-22,0.0,0.0,Above 1200 m
2022-07-22,2022-07-29,0.0,0.0,Above 1200 m
2022-07-29,2022-08-05,0.0,0.0,Above 1200 m
2022-08-05,2022-08-12,0.0,0.0,Above 1200 m
2022-08-12,2022-08-19,0.0,0.0,Above 1200 m
2022-08-19,2022-08-26,0.0,0.0,Above 1200 m
2022-08-26,2022-09-02,0.0,0.0,Above 1200 m
2022-09-02,2022-09-09,0.0,0.0,Above 1200 m
2022-09-09,2022-09-16,0.0,0.0,Above 1200 m
2022-09-16,2022-09-23,0.0,0.0,Above 1200 m
2022-09-23,2022-09-30,0.0,0.0,Above 1200 m
2022-09-30,2022-10-07,0.0,0.0,Above 1200 m
2022-10-07,2022-10-14,0.0,0.0,Above 1200 m
2022-10-14,2022-10-21,0.0,0.0,Above 1200 m
2022-10-21,2022-10-28,0.0,0.0,Above 1200 m
2022-10-28,2022-11-04,0.0,0.0,Above 1200 m
2022-11-04,2022-11-11,0.0,0.0,Above 1200 m
2022-11-11,2022-11-18,28.122220389583337,0.7802966808431399,Above 1200 m
2022-11-18,2022-11-25,0.0,0.0,Above 1200 m
2022-11-25,2022-12-02,96.74595817708334,2.684373744490302,Above 1200 m
2022-12-02,2022-12-09,58.15499404947917,1.613604765293338,Above 1200 m
2022-12-09,2022-12-16,76.60260611994485,2.1254637248155412,Above 1200 m
2022-12-16,2022-12-23,62.2933733058364,1.7284308193200588,Above 1200 m
2022-12-23,2022-12-30,9.456760669117646,0.2623931844433489,Above 1200 m
2022-12-30,2023-01-06,328.0539608250361,9.102389968611355,Above 1200 m
2023-01-06,2023-01-13,433.9378479723091,12.040310394211536,Above 1200 m
2023-01-13,2023-01-20,2.0577394112745098,0.057095322147904,Above 1200 m
2023-01-20,2023-01-27,372.3061857695046,10.33023982419683,Above 1200 m
2023-01-27,2023-02-03,38.183231181924015,1.0594557663788733,Above 1200 m
2023-02-03,2023-02-10,2539.3362185292553,70.45800777512878,Above 1200 m
2023-02-10,2023-02-17,2755.3944268683986,76.45289368742311,Above 1200 m
2023-02-17,2023-02-24,2687.777190007643,74.57674362674813,Above 1200 m
2023-02-24,2023-03-03,1321.650511090626,36.67134005608774,Above 1200 m
2023-03-03,2023-03-10,55.01218742432598,1.5264024909292833,Above 1200 m
2023-03-10,2023-03-17,569.8777237061461,15.812183040108025,Above 1200 m
2023-03-17,2023-03-24,118.35211993517156,3.2838717952146683,Above 1200 m
2023-03-24,2023-03-31,99.78068075553004,2.7685770514282857,Above 1200 m
2023-03-31,2023-04-07,320.19698679510924,8.884385462847169,Above 1200 m
2023-04-07,2023-04-14,46.601233401041675,1.2930269104746197,Above 1200 m
2023-04-14,2023-04-21,750.4729338538311,20.823090468548667,Above 1200 m
2023-04-21,2023-04-28,44.73163784881026,1.241151945279281,Above 1200 m
2023-04-28,2023-05-05,22.145002140625,0.6144490523228536,Above 1200 m
2023-05-05,2023-05-12,22.96502181770833,0.6372018301401841,Above 1200 m
2023-05-12,2023-05-19,11.04418679296875,0.3064389005484513,Above 1200 m
2023-05-19,2023-05-26,3.950023622395833,0.1095998210350819,Above 1200 m
2023-05-26,2023-06-02,1.33949021484375,0.0371663316119801,Above 1200 m
2023-06-02,2023-06-09,0.0,0.0,Above 1200 m
2023-06-09,2023-06-16,0.0688341979166666,0.0019099166217604,Above 1200 m
2023-06-16,2023-06-23,0.0,0.0,Above 1200 m
2023-06-23,2023-06-30,0.0,0.0,Above 1200 m
2023-06-30,2023-07-07,0.0,0.0,Above 1200 m
2023-07-07,2023-07-14,0.0,0.0,Above 1200 m
2023-07-14,2023-07-21,0.0,0.0,Above 1200 m
2023-07-21,2023-07-28,0.0,0.0,Above 1200 m
2023-07-28,2023-08-04,0.0,0.0,Above 1200 m
2023-08-04,2023-08-11,0.0,0.0,Above 1200 m
2023-08-11,2023-08-18,0.0,0.0,Above 1200 m
2023-08-18,2023-08-25,0.0,0.0,Above 1200 m
2023-08-25,2023-09-01,0.0,0.0,Above 1200 m
2023-09-01,2023-09-08,0.0,0.0,Above 1200 m
2023-09-08,2023-09-15,0.0,0.0,Above 1200 m
2023-09-15,2023-09-22,0.0,0.0,Above 1200 m
2023-09-22,2023-09-29,0.0,0.0,Above 1200 m
2023-09-29,2023-10-06,0.0,0.0,Above 1200 m
2023-10-06,2023-10-13,0.0,0.0,Above 1200 m
2023-10-13,2023-10-20,0.0,0.0,Above 1200 m
2023-10-20,2023-10-27,0.0,0.0,Above 1200 m
2023-10-27,2023-11-03,0.618656578125,0.0171656315826157,Above 1200 m
2023-11-03,2023-11-10,0.0,0.0,Above 1200 m
2023-11-10,2023-11-17,0.41207765625,0.0114337638695341,Above 1200 m
2023-11-17,2023-11-24,380.86035503348654,10.567589144114963,Above 1200 m
2023-11-24,2023-12-01,26.78147505729167,0.7430955239590045,Above 1200 m
2023-12-01,2023-12-08,193.08456395449053,5.3574448350294785,Above 1200 m
2023-12-08,2023-12-15,13.763735934895832,0.3818972085852354,Above 1200 m
2023-12-15,2023-12-22,0.0,0.0,Above 1200 m
2023-12-22,2023-12-29,485.5491257259651,13.472349122567715,Above 1200 m
2023-12-29,2024-01-05,67.14905855661765,1.8631596932110777,Above 1200 m
2024-01-05,2024-01-12,7.208751234375,0.2000185114575883,Above 1200 m
2024-01-12,2024-01-19,421.1661921624081,11.68594006003166,Above 1200 m
2024-01-19,2024-01-26,1032.0642811508833,28.636299760209905,Above 1200 m
2024-01-26,2024-02-02,4.612856289828432,0.1279911899663786,Above 1200 m
2024-02-02,2024-02-09,152.89955498296564,4.242446492588949,Above 1200 m
2024-02-09,2024-02-16,1341.3345914168508,37.21750683563877,Above 1200 m
2024-02-16,2024-02-23,156.89434870064338,4.353288532633255,Above 1200 m
2024-02-23,2024-03-01,760.2671515113818,21.094846945234018,Above 1200 m
2024-03-01,2024-03-08,689.868991752834,19.141535661982463,Above 1200 m
2024-03-08,2024-03-15,542.1094641282168,15.041707576887678,Above 1200 m
2024-03-15,2024-03-22,47.08899038226103,1.306560520133852,Above 1200 m
2024-03-22,2024-03-29,242.87252780468748,6.7388927577062026,Above 1200 m
2024-03-29,2024-04-05,252.7405191508192,7.01269620520452,Above 1200 m
2024-04-05,2024-04-12,0.0,0.0,Above 1200 m
2024-04-12,2024-04-19,21.30470054943321,0.5911335198566822,Above 1200 m
2024-04-19,2024-04-26,68.58587717902844,1.9030265595718872,Above 1200 m
2024-04-26,2024-05-03,26.579700322916672,0.7374969562310759,Above 1200 m
2024-05-03,2024-05-10,23.74263621382068,0.6587780045622813,Above 1200 m
2024-05-10,2024-05-17,18.4199722421875,0.5110920475939926,Above 1200 m
2024-05-17,2024-05-24,4.1746470703125,0.1158323634311239,Above 1200 m
2024-05-24,2024-05-31,0.7338091792410715,0.0203607275315333,Above 1200 m
2024-05-31,2024-06-07,0.0,0.0,Above 1200 m
2024-06-07,2024-06-14,0.0,0.0,Above 1200 m
2024-06-14,2024-06-21,0.0,0.0,Above 1200 m
2024-06-21,2024-06-28,0.0,0.0,Above 1200 m
2024-06-28,2024-07-05,0.0,0.0,Above 1200 m
2024-07-05,2024-07-12,0.0,0.0,Above 1200 m
2024-07-12,2024-07-19,0.0,0.0,Above 1200 m
2024-07-19,2024-07-26,0.0,0.0,Above 1200 m
2024-07-26,2024-08-02,0.0,0.0,Above 1200 m
2024-08-02,2024-08-09,0.0,0.0,Above 1200 m
2024-08-09,2024-08-16,0.0,0.0,Above 1200 m
2024-08-16,2024-08-23,0.0,0.0,Above 1200 m
2024-08-23,2024-08-30,0.0,0.0,Above 1200 m
2024-08-30,2024-09-06,0.0,0.0,Above 1200 m
2024-09-06,2024-09-13,0.0,0.0,Above 1200 m
2024-09-13,2024-09-20,0.0,0.0,Above 1200 m
2024-09-20,2024-09-27,0.0,0.0,Above 1200 m
2024-09-27,2024-10-04,0.0,0.0,Above 1200 m
2024-10-04,2024-10-11,0.0,0.0,Above 1200 m
2024-10-11,2024-10-18,0.0,0.0,Above 1200 m
2024-10-18,2024-10-25,0.0,0.0,Above 1200 m
2024-10-25,2024-11-01,0.0,0.0,Above 1200 m
2024-11-01,2024-11-08,0.9273504296875,0.0257308438750321,Above 1200 m
2024-11-08,2024-11-15,0.0,0.0,Above 1200 m
2024-11-15,2024-11-22,53.869679904534685,1.4947017641309934,Above 1200 m
2024-11-22,2024-11-29,42.39892562699142,1.176427055891753,Above 1200 m
2024-11-29,2024-12-06,220.9731223205722,6.131258183516508,Above 1200 m
2024-12-06,2024-12-13,55.82933721283701,1.5490756390268998,Above 1200 m
2024-12-13,2024-12-20,57.85259047455576,1.605214086942946,Above 1200 m
2024-12-20,2024-12-27,162.40337269091089,4.506145351004652,Above 1200 m
2024-12-27,2025-01-03,1171.4463909844978,32.50368278208426,Above 1200 m
2025-01-03,2025-01-10,677.2169442341459,18.79048405411018,Above 1200 m
2025-01-10,2025-01-17,437.1098956939492,12.128324010291037,Above 1200 m
2025-01-17,2025-01-24,298.7633148062295,8.289673420927523,Above 1200 m
2025-01-24,2025-01-31,347.1994108126872,9.633611574574804,Above 1200 m
2025-01-31,2025-02-07,0.0,0.0,Above 1200 m
2025-02-07,2025-02-14,2408.25105822,66.82083709372021,Above 1200 m
2025-02-14,2025-02-21,1523.9468566686987,42.28438073404702,Above 1200 m
2025-02-21,2025-02-28,755.205782120665,20.95441103080813,Above 1200 m
2025-02-28,2025-03-07,1277.0986500543352,35.435176310465465,Above 1200 m
2025-03-07,2025-03-14,419.09408923115814,11.628446198692796,Above 1200 m
2025-03-14,2025-03-21,194.79782977182904,5.404982177819325,Above 1200 m
2025-03-21,2025-03-28,804.3260555014666,22.317332796948055,Above 1200 m
2025-03-28,2025-04-04,61.33481463786764,1.701834052185466,Above 1200 m
2025-04-04,2025-04-11,26.588325826822917,0.7377362848465054,Above 1200 m
2025-04-11,2025-04-18,48.62130198072917,1.3490769942151453,Above 1200 m
2025-04-18,2025-04-25,31.83814484960937,0.8834010403942142,Above 1200 m
2025-04-25,2025-05-02,2.2598614716145837,0.0627035269988608,Above 1200 m
2025-05-02,2025-05-09,0.0,0.0,Above 1200 m
2025-05-09,2025-05-16,0.0,0.0,Above 1200 m
2025-05-16,2025-05-23,0.0,0.0,Above 1200 m
2025-05-23,2025-05-30,0.0,0.0,Above 1200 m
2016-10-01,2016-10-08,0.0,0.0,Above 1800 m
2016-10-08,2016-10-15,0.0,0.0,Above 1800 m
2016-10-15,2016-10-22,0.0,0.0,Above 1800 m
2016-10-22,2016-10-29,0.0,0.0,Above 1800 m
2016-10-29,2016-11-05,0.0,0.0,Above 1800 m
2016-11-05,2016-11-12,0.0,0.0,Above 1800 m
2016-11-12,2016-11-19,0.0,0.0,Above 1800 m
2016-11-19,2016-11-26,0.0,0.0,Above 1800 m
2016-11-26,2016-12-03,0.0,0.0,Above 1800 m
2016-12-03,2016-12-10,0.0,0.0,Above 1800 m
2016-12-10,2016-12-17,0.0,0.0,Above 1800 m
2016-12-17,2016-12-24,0.0,0.0,Above 1800 m
2016-12-24,2016-12-31,0.0,0.0,Above 1800 m
2016-12-31,2017-01-07,0.0,0.0,Above 1800 m
2017-01-07,2017-01-14,49.23765496715686,3.8303058892697086,Above 1800 m
2017-01-14,2017-01-21,0.0,0.0,Above 1800 m
2017-01-21,2017-01-28,0.0,0.0,Above 1800 m
2017-01-28,2017-02-04,0.0,0.0,Above 1800 m
2017-02-04,2017-02-11,1.0328662488357845,0.0803489459110619,Above 1800 m
2017-02-11,2017-02-18,0.0,0.0,Above 1800 m
2017-02-18,2017-02-25,0.0,0.0,Above 1800 m
2017-02-25,2017-03-04,0.0,0.0,Above 1800 m
2017-03-04,2017-03-11,0.0,0.0,Above 1800 m
2017-03-11,2017-03-18,0.0,0.0,Above 1800 m
2017-03-18,2017-03-25,0.0,0.0,Above 1800 m
2017-03-25,2017-04-01,0.0,0.0,Above 1800 m
2017-04-01,2017-04-08,185.16232408218852,14.404186001058576,Above 1800 m
2017-04-08,2017-04-15,3.192534340931372,0.2483542950191669,Above 1800 m
2017-04-15,2017-04-22,74.39548537674632,5.78738906155677,Above 1800 m
2017-04-22,2017-04-29,0.0,0.0,Above 1800 m
2017-04-29,2017-05-06,38.9401080078125,3.02923697585948,Above 1800 m
2017-05-06,2017-05-13,18.1396550234375,1.4111238139171989,Above 1800 m
2017-05-13,2017-05-20,3.8020157339154417,0.2957671982231146,Above 1800 m
2017-05-20,2017-05-27,12.328888054687502,0.9590914221141538,Above 1800 m
2017-05-27,2017-06-03,0.3090852734375,0.0240444258347374,Above 1800 m
2017-06-03,2017-06-10,0.0,0.0,Above 1800 m
2017-06-10,2017-06-17,0.0,0.0,Above 1800 m
2017-06-17,2017-06-24,0.9850332805351306,0.0766279136989174,Above 1800 m
2017-06-24,2017-07-01,0.0,0.0,Above 1800 m
2017-07-01,2017-07-08,0.0,0.0,Above 1800 m
2017-07-08,2017-07-15,0.0,0.0,Above 1800 m
2017-07-15,2017-07-22,1.119119306168301,0.0870587616748026,Above 1800 m
2017-07-22,2017-07-29,0.0,0.0,Above 1800 m
2017-07-29,2017-08-05,0.0,0.0,Above 1800 m
2017-08-05,2017-08-12,0.0,0.0,Above 1800 m
2017-08-12,2017-08-19,0.0,0.0,Above 1800 m
2017-08-19,2017-08-26,0.0,0.0,Above 1800 m
2017-08-26,2017-09-02,0.0,0.0,Above 1800 m
2017-09-02,2017-09-09,0.0,0.0,Above 1800 m
2017-09-09,2017-09-16,0.0,0.0,Above 1800 m
2017-09-16,2017-09-23,0.0,0.0,Above 1800 m
2017-09-23,2017-09-30,0.0,0.0,Above 1800 m
2017-09-30,2017-10-07,0.0,0.0,Above 1800 m
2017-10-07,2017-10-14,0.0,0.0,Above 1800 m
2017-10-14,2017-10-21,0.0,0.0,Above 1800 m
2017-10-21,2017-10-28,0.0,0.0,Above 1800 m
2017-10-28,2017-11-04,0.0,0.0,Above 1800 m
2017-11-04,2017-11-11,0.0,0.0,Above 1800 m
2017-11-11,2017-11-18,0.0,0.0,Above 1800 m
2017-11-18,2017-11-25,0.0,0.0,Above 1800 m
2017-11-25,2017-12-02,182.89077190609171,14.227476942032698,Above 1800 m
2017-12-02,2017-12-09,444.6616764959175,34.59121356106295,Above 1800 m
2017-12-09,2017-12-16,0.0,0.0,Above 1800 m
2017-12-16,2017-12-23,292.2439290591452,22.734300472376855,Above 1800 m
2017-12-23,2017-12-30,7.109956737254902,0.5530992323116487,Above 1800 m
2017-12-30,2018-01-06,0.0,0.0,Above 1800 m
2018-01-06,2018-01-13,267.38346599712014,20.800350162599436,Above 1800 m
2018-01-13,2018-01-20,680.5875285868872,52.94440648419854,Above 1800 m
2018-01-20,2018-01-27,211.2454931000613,16.43325330669318,Above 1800 m
2018-01-27,2018-02-03,1040.1574148409877,80.91614181241023,Above 1800 m
2018-02-03,2018-02-10,0.0,0.0,Above 1800 m
2018-02-10,2018-02-17,0.0,0.0,Above 1800 m
2018-02-17,2018-02-24,0.2172887110294117,0.0169033685719382,Above 1800 m
2018-02-24,2018-03-03,356.46195710542287,27.72996265789357,Above 1800 m
2018-03-03,2018-03-10,247.28447756334245,19.236805476776887,Above 1800 m
2018-03-10,2018-03-17,188.40291618141848,14.65627881520013,Above 1800 m
2018-03-17,2018-03-24,143.2523639999606,11.14391767534133,Above 1800 m
2018-03-24,2018-03-31,77.07489738325674,5.995826437283996,Above 1800 m
2018-03-31,2018-04-07,56.07339934866205,4.3620735370077375,Above 1800 m
2018-04-07,2018-04-14,7.129237955729167,0.554599160866807,Above 1800 m
2018-04-14,2018-04-21,7.321780260416667,0.5695774518530458,Above 1800 m
2018-04-21,2018-04-28,6.386810669270834,0.4968441030848566,Above 1800 m
2018-04-28,2018-05-05,6.731410656250001,0.5236512968971737,Above 1800 m
2018-05-05,2018-05-12,3.670355053255209,0.285525023187473,Above 1800 m
2018-05-12,2018-05-19,0.2747337552083333,0.0213721453886784,Above 1800 m
2018-05-19,2018-05-26,0.0,0.0,Above 1800 m
2018-05-26,2018-06-02,0.853824008180147,0.0664208547119832,Above 1800 m
2018-06-02,2018-06-09,0.0,0.0,Above 1800 m
2018-06-09,2018-06-16,0.0,0.0,Above 1800 m
2018-06-16,2018-06-23,0.0,0.0,Above 1800 m
2018-06-23,2018-06-30,0.0,0.0,Above 1800 m
2018-06-30,2018-07-07,0.0,0.0,Above 1800 m
2018-07-07,2018-07-14,0.0,0.0,Above 1800 m
2018-07-14,2018-07-21,0.0,0.0,Above 1800 m
2018-07-21,2018-07-28,0.0,0.0,Above 1800 m
2018-07-28,2018-08-04,0.0,0.0,Above 1800 m
2018-08-04,2018-08-11,0.0,0.0,Above 1800 m
2018-08-11,2018-08-18,0.0,0.0,Above 1800 m
2018-08-18,2018-08-25,0.0,0.0,Above 1800 m
2018-08-25,2018-09-01,0.0,0.0,Above 1800 m
2018-09-01,2018-09-08,0.0,0.0,Above 1800 m
2018-09-08,2018-09-15,0.0,0.0,Above 1800 m
2018-09-15,2018-09-22,0.0,0.0,Above 1800 m
2018-09-22,2018-09-29,0.0,0.0,Above 1800 m
2018-09-29,2018-10-06,0.0,0.0,Above 1800 m
2018-10-06,2018-10-13,0.824166125,0.0641137024992313,Above 1800 m
2018-10-13,2018-10-20,2.1461792252604166,0.1669560203755973,Above 1800 m
2018-10-20,2018-10-27,0.0,0.0,Above 1800 m
2018-10-27,2018-11-03,24.00487124321057,1.867391933173128,Above 1800 m
2018-11-03,2018-11-10,1.925336210401348,0.149776154661379,Above 1800 m
2018-11-10,2018-11-17,28.837232256341913,2.2433119655146503,Above 1800 m
2018-11-17,2018-11-24,251.9823829028186,19.602265905406764,Above 1800 m
2018-11-24,2018-12-01,99.4772943763021,7.738558360513411,Above 1800 m
2018-12-01,2018-12-08,0.0,0.0,Above 1800 m
2018-12-08,2018-12-15,150.1141332685508,11.677709856504755,Above 1800 m
2018-12-15,2018-12-22,194.9660584774816,15.166840144847008,Above 1800 m
2018-12-22,2018-12-29,584.1655288892157,45.44352624236928,Above 1800 m
2018-12-29,2019-01-05,846.4743126980699,65.84910567340458,Above 1800 m
2019-01-05,2019-01-12,815.7641002667956,63.46009044482197,Above 1800 m
2019-01-12,2019-01-19,727.3085124616831,56.578934972760294,Above 1800 m
2019-01-19,2019-01-26,1226.369103847886,95.40196022780276,Above 1800 m
2019-01-26,2019-02-02,1097.3832864481462,85.36786871089274,Above 1800 m
2019-02-02,2019-02-09,946.9851185666056,73.66806317473758,Above 1800 m
2019-02-09,2019-02-16,633.3536265337011,49.269976958093224,Above 1800 m
2019-02-16,2019-02-23,1066.310442102298,82.9506435450384,Above 1800 m
2019-02-23,2019-03-02,978.3490258736216,76.1079307709646,Above 1800 m
2019-03-02,2019-03-09,291.46561391176476,22.673753618658747,Above 1800 m
2019-03-09,2019-03-16,830.3869003574296,64.59763034882694,Above 1800 m
2019-03-16,2019-03-23,912.9404935195104,71.01965662688615,Above 1800 m
2019-03-23,2019-03-30,0.0,0.0,Above 1800 m
2019-03-30,2019-04-06,4.177867560355392,0.3250055416264713,Above 1800 m
2019-04-06,2019-04-13,439.9766457216451,34.226754673285384,Above 1800 m
2019-04-13,2019-04-20,0.0,0.0,Above 1800 m
2019-04-20,2019-04-27,343.58093892015916,26.72791981390118,Above 1800 m
2019-04-27,2019-05-04,280.7511691219466,21.840253302567938,Above 1800 m
2019-05-04,2019-05-11,107.06906410580066,8.329138889262685,Above 1800 m
2019-05-11,2019-05-18,125.6178219376497,9.772087713884003,Above 1800 m
2019-05-18,2019-05-25,62.88612941292381,4.89205085019523,Above 1800 m
2019-05-25,2019-06-01,35.44266546696465,2.7571631987771292,Above 1800 m
2019-06-01,2019-06-08,10.030632979166668,0.7803050855860768,Above 1800 m
2019-06-08,2019-06-15,7.4903001328125,0.5826869847933797,Above 1800 m
2019-06-15,2019-06-22,1.2216794924479168,0.0950371450030388,Above 1800 m
2019-06-22,2019-06-29,0.0,0.0,Above 1800 m
2019-06-29,2019-07-06,0.0,0.0,Above 1800 m
2019-07-06,2019-07-13,0.0,0.0,Above 1800 m
2019-07-13,2019-07-20,0.0,0.0,Above 1800 m
2019-07-20,2019-07-27,0.0,0.0,Above 1800 m
2019-07-27,2019-08-03,0.0,0.0,Above 1800 m
2019-08-03,2019-08-10,0.0,0.0,Above 1800 m
2019-08-10,2019-08-17,0.0,0.0,Above 1800 m
2019-08-17,2019-08-24,0.0,0.0,Above 1800 m
2019-08-24,2019-08-31,0.0,0.0,Above 1800 m
2019-08-31,2019-09-07,0.0,0.0,Above 1800 m
2019-09-07,2019-09-14,0.0,0.0,Above 1800 m
2019-09-14,2019-09-21,0.0,0.0,Above 1800 m
2019-09-21,2019-09-28,0.0,0.0,Above 1800 m
2019-09-28,2019-10-05,0.0,0.0,Above 1800 m
2019-10-05,2019-10-12,0.0,0.0,Above 1800 m
2019-10-12,2019-10-19,0.0,0.0,Above 1800 m
2019-10-19,2019-10-26,0.0,0.0,Above 1800 m
2019-10-26,2019-11-02,79.38123175857844,6.175241280381467,Above 1800 m
2019-11-02,2019-11-09,41.048865315918675,3.193281862677656,Above 1800 m
2019-11-09,2019-11-16,0.0,0.0,Above 1800 m
2019-11-16,2019-11-23,43.67400330761847,3.3974971429638603,Above 1800 m
2019-11-23,2019-11-30,0.8240688125,0.0641061323450049,Above 1800 m
2019-11-30,2019-12-07,79.35325050877756,6.173064557181044,Above 1800 m
2019-12-07,2019-12-14,169.96485772011846,13.221941539021463,Above 1800 m
2019-12-14,2019-12-21,289.83177001516543,22.54665329465944,Above 1800 m
2019-12-21,2019-12-28,223.3628836050092,17.375891867458147,Above 1800 m
2019-12-28,2020-01-04,627.1829927248315,48.78994973026514,Above 1800 m
2020-01-04,2020-01-11,1160.4016282779212,90.27020465690003,Above 1800 m
2020-01-11,2020-01-18,1168.4429250488972,90.89575488669428,Above 1800 m
2020-01-18,2020-01-25,826.6148991774813,64.30419804902458,Above 1800 m
2020-01-25,2020-02-01,1277.5408294902088,99.38272174503226,Above 1800 m
2020-02-01,2020-02-08,1144.425523969746,89.02738822991934,Above 1800 m
2020-02-08,2020-02-15,138.13038319117646,10.745467479658805,Above 1800 m
2020-02-15,2020-02-22,1025.7354195722942,79.79422295885105,Above 1800 m
2020-02-22,2020-02-29,672.5861342817608,52.32196035532141,Above 1800 m
2020-02-29,2020-03-07,818.1821383306067,63.64819496447206,Above 1800 m
2020-03-07,2020-03-14,574.4183949746323,44.68527517494066,Above 1800 m
2020-03-14,2020-03-21,471.9752446514093,36.71599633215012,Above 1800 m
2020-03-21,2020-03-28,630.5639426010518,49.05296128576775,Above 1800 m
2020-03-28,2020-04-04,0.0,0.0,Above 1800 m
2020-04-04,2020-04-11,172.21627883333335,13.397084558219383,Above 1800 m
2020-04-11,2020-04-18,160.39879387380515,12.47777631197918,Above 1800 m
2020-04-18,2020-04-25,81.72633695248162,6.357672191056557,Above 1800 m
2020-04-25,2020-05-02,129.4547580890462,10.070571448482028,Above 1800 m
2020-05-02,2020-05-09,14.210783125,1.1054881945764845,Above 1800 m
2020-05-09,2020-05-16,69.4815112498697,5.4051201649074585,Above 1800 m
2020-05-16,2020-05-23,15.699634842447914,1.2213092568385675,Above 1800 m
2020-05-23,2020-05-30,97.364897109375,7.574230313262071,Above 1800 m
2020-05-30,2020-06-06,8.775226808407735,0.6826442678137649,Above 1800 m
2020-06-06,2020-06-13,1.30509366015625,0.1015261172750708,Above 1800 m
2020-06-13,2020-06-20,0.1692649090401785,0.0131674909858269,Above 1800 m
2020-06-20,2020-06-27,0.0,0.0,Above 1800 m
2020-06-27,2020-07-04,0.0,0.0,Above 1800 m
2020-07-04,2020-07-11,0.0,0.0,Above 1800 m
2020-07-11,2020-07-18,0.0,0.0,Above 1800 m
2020-07-18,2020-07-25,0.0,0.0,Above 1800 m
2020-07-25,2020-08-01,0.0,0.0,Above 1800 m
2020-08-01,2020-08-08,0.0,0.0,Above 1800 m
2020-08-08,2020-08-15,0.0,0.0,Above 1800 m
2020-08-15,2020-08-22,0.0,0.0,Above 1800 m
2020-08-22,2020-08-29,0.0,0.0,Above 1800 m
2020-08-29,2020-09-05,0.0,0.0,Above 1800 m
2020-09-05,2020-09-12,0.0,0.0,Above 1800 m
2020-09-12,2020-09-19,0.0,0.0,Above 1800 m
2020-09-19,2020-09-26,0.0,0.0,Above 1800 m
2020-09-26,2020-10-03,0.0,0.0,Above 1800 m
2020-10-03,2020-10-10,0.0,0.0,Above 1800 m
2020-10-10,2020-10-17,0.0,0.0,Above 1800 m
2020-10-17,2020-10-24,0.0,0.0,Above 1800 m
2020-10-24,2020-10-31,0.0,0.0,Above 1800 m
2020-10-31,2020-11-07,4.9713637903645855,0.3867333652798289,Above 1800 m
2020-11-07,2020-11-14,44.36491397135417,3.451244608923223,Above 1800 m
2020-11-14,2020-11-21,129.84325519877453,10.10079349639128,Above 1800 m
2020-11-21,2020-11-28,86.6344342556066,6.739483916611082,Above 1800 m
2020-11-28,2020-12-05,4.9450016450980385,0.384682595795872,Above 1800 m
2020-12-05,2020-12-12,138.90409799378318,10.80565646240009,Above 1800 m
2020-12-12,2020-12-19,0.0,0.0,Above 1800 m
2020-12-19,2020-12-26,227.41685015586705,17.69125887600092,Above 1800 m
2020-12-26,2021-01-02,249.30330181176055,19.39385427232319,Above 1800 m
2021-01-02,2021-01-09,183.79752277669525,14.298015094227187,Above 1800 m
2021-01-09,2021-01-16,427.5872265017081,33.262954398182714,Above 1800 m
2021-01-16,2021-01-23,116.48568264543503,9.06167843594554,Above 1800 m
2021-01-23,2021-01-30,966.3115053984068,75.17150547615363,Above 1800 m
2021-01-30,2021-02-06,634.324358996063,49.345492379572384,Above 1800 m
2021-02-06,2021-02-13,687.0678635903339,53.448526051726674,Above 1800 m
2021-02-13,2021-02-20,538.9773362384193,41.928236967296115,Above 1800 m
2021-02-20,2021-02-27,1046.8829263736063,81.43933420345576,Above 1800 m
2021-02-27,2021-03-06,236.75270655193023,18.41751575722464,Above 1800 m
2021-03-06,2021-03-13,538.9757357237348,41.928112459725114,Above 1800 m
2021-03-13,2021-03-20,374.9845059769303,29.17087262962445,Above 1800 m
2021-03-20,2021-03-27,247.3589512929228,19.242598952627795,Above 1800 m
2021-03-27,2021-04-03,353.5813188154565,27.50587144529878,Above 1800 m
2021-04-03,2021-04-10,0.0,0.0,Above 1800 m
2021-04-10,2021-04-17,306.1772155634038,23.818201592154853,Above 1800 m
2021-04-17,2021-04-24,108.64939033038196,8.452075955396698,Above 1800 m
2021-04-24,2021-05-01,57.66355702589285,4.485775413549732,Above 1800 m
2021-05-01,2021-05-08,25.559647121093754,1.9883413814261532,Above 1800 m
2021-05-08,2021-05-15,15.560233596354168,1.210464926127843,Above 1800 m
2021-05-15,2021-05-22,4.9468886417782745,0.3848293894338339,Above 1800 m
2021-05-22,2021-05-29,0.70398491796875,0.0547645410621483,Above 1800 m
2021-05-29,2021-06-05,0.068679609375,0.0053427384475819,Above 1800 m
2021-06-05,2021-06-12,0.0,0.0,Above 1800 m
2021-06-12,2021-06-19,0.0,0.0,Above 1800 m
2021-06-19,2021-06-26,0.0,0.0,Above 1800 m
2021-06-26,2021-07-03,0.0,0.0,Above 1800 m
2021-07-03,2021-07-10,0.0,0.0,Above 1800 m
2021-07-10,2021-07-17,0.0,0.0,Above 1800 m
2021-07-17,2021-07-24,0.0,0.0,Above 1800 m
2021-07-24,2021-07-31,0.0,0.0,Above 1800 m
2021-07-31,2021-08-07,0.0,0.0,Above 1800 m
2021-08-07,2021-08-14,0.0,0.0,Above 1800 m
2021-08-14,2021-08-21,0.0,0.0,Above 1800 m
2021-08-21,2021-08-28,0.0,0.0,Above 1800 m
2021-08-28,2021-09-04,0.0,0.0,Above 1800 m
2021-09-04,2021-09-11,0.0,0.0,Above 1800 m
2021-09-11,2021-09-18,0.0,0.0,Above 1800 m
2021-09-18,2021-09-25,0.0,0.0,Above 1800 m
2021-10-01,2021-10-08,0.0,0.0,Above 1800 m
2021-10-08,2021-10-15,0.0,0.0,Above 1800 m
2021-10-15,2021-10-22,0.20685690625,0.0160918554462838,Above 1800 m
2021-10-22,2021-10-29,0.238668400390625,0.018566541810502,Above 1800 m
2021-10-29,2021-11-05,0.0,0.0,Above 1800 m
2021-11-05,2021-11-12,0.0,0.0,Above 1800 m
2021-11-12,2021-11-19,0.0,0.0,Above 1800 m
2021-11-19,2021-11-26,98.27802615497856,7.64526463777187,Above 1800 m
2021-11-26,2021-12-03,279.10833493942926,21.712453604377856,Above 1800 m
2021-12-03,2021-12-10,171.14756182537786,13.313946702603284,Above 1800 m
2021-12-10,2021-12-17,610.6312520976257,47.50235328310819,Above 1800 m
2021-12-17,2021-12-24,618.7240993517158,48.13191373879964,Above 1800 m
2021-12-24,2021-12-31,1127.901690629657,87.74196275224232,Above 1800 m
2021-12-31,2022-01-07,860.0074282842468,66.90187661394748,Above 1800 m
2022-01-07,2022-01-14,550.2614696899354,42.806054622167736,Above 1800 m
2022-01-14,2022-01-21,952.2783835409872,74.07983794383173,Above 1800 m
2022-01-21,2022-01-28,1236.5506326577972,96.19400383321783,Above 1800 m
2022-01-28,2022-02-04,1135.323903728462,88.31935309633427,Above 1800 m
2022-02-04,2022-02-11,1130.1744588950828,87.91876641354204,Above 1800 m
2022-02-11,2022-02-18,741.0387418915901,57.64703983440484,Above 1800 m
2022-02-18,2022-02-25,854.6582657034777,66.4857534466389,Above 1800 m
2022-02-25,2022-03-04,452.2067052637868,35.17815800721003,Above 1800 m
2022-03-04,2022-03-11,0.0,0.0,Above 1800 m
2022-03-11,2022-03-18,1226.5148887327057,95.41330115586406,Above 1800 m
2022-03-18,2022-03-25,1.8888758572303923,0.1469398232892063,Above 1800 m
2022-03-25,2022-04-01,948.5750108662568,73.79174440697173,Above 1800 m
2022-04-01,2022-04-08,0.0,0.0,Above 1800 m
2022-04-08,2022-04-15,315.4472173347273,24.539335496722916,Above 1800 m
2022-04-15,2022-04-22,211.22223600312137,16.431444085774032,Above 1800 m
2022-04-22,2022-04-29,58.280184400898705,4.533744218472413,Above 1800 m
2022-04-29,2022-05-06,37.114141095322715,2.8871909782751826,Above 1800 m
2022-05-06,2022-05-13,24.83908506204044,1.9322872679591896,Above 1800 m
2022-05-13,2022-05-20,3.3722744791666663,0.2623366772118206,Above 1800 m
2022-05-20,2022-05-27,3.9695975708333338,0.3088037593125775,Above 1800 m
2022-05-27,2022-06-03,0.928057953125,0.0721956771866859,Above 1800 m
2022-06-03,2022-06-10,0.05151241015625,0.0040072641177483,Above 1800 m
2022-06-10,2022-06-17,0.0,0.0,Above 1800 m
2022-06-17,2022-06-24,0.0,0.0,Above 1800 m
2022-06-24,2022-07-01,0.0,0.0,Above 1800 m
2022-07-01,2022-07-08,0.0,0.0,Above 1800 m
2022-07-08,2022-07-15,0.0,0.0,Above 1800 m
2022-07-15,2022-07-22,0.0,0.0,Above 1800 m
2022-07-22,2022-07-29,0.0,0.0,Above 1800 m
2022-07-29,2022-08-05,0.0,0.0,Above 1800 m
2022-08-05,2022-08-12,0.0,0.0,Above 1800 m
2022-08-12,2022-08-19,0.0,0.0,Above 1800 m
2022-08-19,2022-08-26,0.0,0.0,Above 1800 m
2022-08-26,2022-09-02,0.0,0.0,Above 1800 m
2022-09-02,2022-09-09,0.0,0.0,Above 1800 m
2022-09-09,2022-09-16,0.0,0.0,Above 1800 m
2022-09-16,2022-09-23,0.0,0.0,Above 1800 m
2022-09-23,2022-09-30,0.0,0.0,Above 1800 m
2022-09-30,2022-10-07,0.0,0.0,Above 1800 m
2022-10-07,2022-10-14,0.0,0.0,Above 1800 m
2022-10-14,2022-10-21,0.0,0.0,Above 1800 m
2022-10-21,2022-10-28,0.0,0.0,Above 1800 m
2022-10-28,2022-11-04,0.0,0.0,Above 1800 m
2022-11-04,2022-11-11,0.0,0.0,Above 1800 m
2022-11-11,2022-11-18,28.122220389583337,2.1876896137602886,Above 1800 m
2022-11-18,2022-11-25,0.0,0.0,Above 1800 m
2022-11-25,2022-12-02,95.91738961458334,7.461625509362276,Above 1800 m
2022-12-02,2022-12-09,58.15499404947917,4.5240053846339245,Above 1800 m
2022-12-09,2022-12-16,76.60260611994485,5.959085857162525,Above 1800 m
2022-12-16,2022-12-23,62.2933733058364,4.845939043908111,Above 1800 m
2022-12-23,2022-12-30,9.386409782352942,0.7301895407575156,Above 1800 m
2022-12-30,2023-01-06,326.51359419743187,25.40021338577692,Above 1800 m
2023-01-06,2023-01-13,433.8347421363716,33.74896243298288,Above 1800 m
2023-01-13,2023-01-20,2.0577394112745098,0.1600760919837579,Above 1800 m
2023-01-20,2023-01-27,371.4280537226296,28.894208356647987,Above 1800 m
2023-01-27,2023-02-03,37.872978127236514,2.946222586386376,Above 1800 m
2023-02-03,2023-02-10,1096.370903706035,85.28911322219429,Above 1800 m
2023-02-10,2023-02-17,1028.498974898131,80.00920602916453,Above 1800 m
2023-02-17,2023-02-24,1239.527906001287,96.42561249998197,Above 1800 m
2023-02-24,2023-03-03,873.3980100989124,67.94355953771131,Above 1800 m
2023-03-03,2023-03-10,50.05326151807598,3.89375372360293,Above 1800 m
2023-03-10,2023-03-17,532.3547203596245,41.413049056339766,Above 1800 m
2023-03-17,2023-03-24,111.42444531798408,8.66795360978844,Above 1800 m
2023-03-24,2023-03-31,97.71558201334254,7.601510866201501,Above 1800 m
2023-03-31,2023-04-07,249.85261228353923,19.436586346718176,Above 1800 m
2023-04-07,2023-04-14,46.601233401041675,3.6252128348172863,Above 1800 m
2023-04-14,2023-04-21,646.3348780323831,50.27981717283658,Above 1800 m
2023-04-21,2023-04-28,44.73163784881026,3.479772869021979,Above 1800 m
2023-04-28,2023-05-05,22.145002140625,1.7227086093703163,Above 1800 m
2023-05-05,2023-05-12,22.96502181770833,1.786499750531373,Above 1800 m
2023-05-12,2023-05-19,11.04418679296875,0.8591516745369003,Above 1800 m
2023-05-19,2023-05-26,3.950023622395833,0.3072810586472752,Above 1800 m
2023-05-26,2023-06-02,1.33949021484375,0.1042019012066574,Above 1800 m
2023-06-02,2023-06-09,0.0,0.0,Above 1800 m
2023-06-09,2023-06-16,0.0688341979166666,0.0053547642315466,Above 1800 m
2023-06-16,2023-06-23,0.0,0.0,Above 1800 m
2023-06-23,2023-06-30,0.0,0.0,Above 1800 m
2023-06-30,2023-07-07,0.0,0.0,Above 1800 m
2023-07-07,2023-07-14,0.0,0.0,Above 1800 m
2023-07-14,2023-07-21,0.0,0.0,Above 1800 m
2023-07-21,2023-07-28,0.0,0.0,Above 1800 m
2023-07-28,2023-08-04,0.0,0.0,Above 1800 m
2023-08-04,2023-08-11,0.0,0.0,Above 1800 m
2023-08-11,2023-08-18,0.0,0.0,Above 1800 m
2023-08-18,2023-08-25,0.0,0.0,Above 1800 m
2023-08-25,2023-09-01,0.0,0.0,Above 1800 m
2023-09-01,2023-09-08,0.0,0.0,Above 1800 m
2023-09-08,2023-09-15,0.0,0.0,Above 1800 m
2023-09-15,2023-09-22,0.0,0.0,Above 1800 m
2023-09-22,2023-09-29,0.0,0.0,Above 1800 m
2023-09-29,2023-10-06,0.0,0.0,Above 1800 m
2023-10-06,2023-10-13,0.0,0.0,Above 1800 m
2023-10-13,2023-10-20,0.0,0.0,Above 1800 m
2023-10-20,2023-10-27,0.0,0.0,Above 1800 m
2023-10-27,2023-11-03,0.0,0.0,Above 1800 m
2023-11-03,2023-11-10,0.0,0.0,Above 1800 m
2023-11-10,2023-11-17,0.41207765625,0.0320564306854919,Above 1800 m
2023-11-17,2023-11-24,380.86035503348654,29.62796790072946,Above 1800 m
2023-11-24,2023-12-01,26.78147505729167,2.083390074196246,Above 1800 m
2023-12-01,2023-12-08,193.08456395449053,15.020474531845156,Above 1800 m
2023-12-08,2023-12-15,13.763735934895832,1.0707114066449783,Above 1800 m
2023-12-15,2023-12-22,0.0,0.0,Above 1800 m
2023-12-22,2023-12-29,485.5491257259651,37.77193851003813,Above 1800 m
2023-12-29,2024-01-05,67.14905855661765,5.223673520192848,Above 1800 m
2024-01-05,2024-01-12,7.208751234375,0.5607846743660877,Above 1800 m
2024-01-12,2024-01-19,371.45109237334555,28.89600058415307,Above 1800 m
2024-01-19,2024-01-26,992.9547340558312,77.24414105767686,Above 1800 m
2024-01-26,2024-02-02,4.612856289828432,0.3588442752822049,Above 1800 m
2024-02-02,2024-02-09,98.1852144838848,7.638044612963206,Above 1800 m
2024-02-09,2024-02-16,1063.597530994531,82.73960020026347,Above 1800 m
2024-02-16,2024-02-23,135.7330911615809,10.558976839814475,Above 1800 m
2024-02-23,2024-03-01,728.7149405712776,56.688344120588475,Above 1800 m
2024-03-01,2024-03-08,670.3644152567402,52.14912792714189,Above 1800 m
2024-03-08,2024-03-15,533.0201205579043,41.46481200686803,Above 1800 m
2024-03-15,2024-03-22,47.08899038226103,3.6631565272807705,Above 1800 m
2024-03-22,2024-03-29,242.66611130468743,18.877532568854477,Above 1800 m
2024-03-29,2024-04-05,252.32762965863168,19.629123412794637,Above 1800 m
2024-04-05,2024-04-12,0.0,0.0,Above 1800 m
2024-04-12,2024-04-19,21.30470054943321,1.6573396933313305,Above 1800 m
2024-04-19,2024-04-26,68.58587717902844,5.335446813110705,Above 1800 m
2024-04-26,2024-05-03,26.579700322916672,2.0676935721207936,Above 1800 m
2024-05-03,2024-05-10,23.74263621382068,1.8469920912611828,Above 1800 m
2024-05-10,2024-05-17,18.4199722421875,1.432930309262236,Above 1800 m
2024-05-17,2024-05-24,4.1746470703125,0.3247550125956746,Above 1800 m
2024-05-24,2024-05-31,0.7338091792410715,0.0570846361940284,Above 1800 m
2024-05-31,2024-06-07,0.0,0.0,Above 1800 m
2024-06-07,2024-06-14,0.0,0.0,Above 1800 m
2024-06-14,2024-06-21,0.0,0.0,Above 1800 m
2024-06-21,2024-06-28,0.0,0.0,Above 1800 m
2024-06-28,2024-07-05,0.0,0.0,Above 1800 m
2024-07-05,2024-07-12,0.0,0.0,Above 1800 m
2024-07-12,2024-07-19,0.0,0.0,Above 1800 m
2024-07-19,2024-07-26,0.0,0.0,Above 1800 m
2024-07-26,2024-08-02,0.0,0.0,Above 1800 m
2024-08-02,2024-08-09,0.0,0.0,Above 1800 m
2024-08-09,2024-08-16,0.0,0.0,Above 1800 m
2024-08-16,2024-08-23,0.0,0.0,Above 1800 m
2024-08-23,2024-08-30,0.0,0.0,Above 1800 m
2024-08-30,2024-09-06,0.0,0.0,Above 1800 m
2024-09-06,2024-09-13,0.0,0.0,Above 1800 m
2024-09-13,2024-09-20,0.0,0.0,Above 1800 m
2024-09-20,2024-09-27,0.0,0.0,Above 1800 m
2024-09-27,2024-10-04,0.0,0.0,Above 1800 m
2024-10-04,2024-10-11,0.0,0.0,Above 1800 m
2024-10-11,2024-10-18,0.0,0.0,Above 1800 m
2024-10-18,2024-10-25,0.0,0.0,Above 1800 m
2024-10-25,2024-11-01,0.0,0.0,Above 1800 m
2024-11-01,2024-11-08,0.9273504296875,0.0721406373763769,Above 1800 m
2024-11-08,2024-11-15,0.0,0.0,Above 1800 m
2024-11-15,2024-11-22,53.869679904534685,4.190641335966286,Above 1800 m
2024-11-22,2024-11-29,41.88165958011642,3.25806676717472,Above 1800 m
2024-11-29,2024-12-06,217.6033034945491,16.9278414143744,Above 1800 m
2024-12-06,2024-12-13,55.82933721283701,4.343087404609231,Above 1800 m
2024-12-13,2024-12-20,57.85259047455576,4.500480742878789,Above 1800 m
2024-12-20,2024-12-27,162.40337269091089,12.633716923971914,Above 1800 m
2024-12-27,2025-01-03,967.6513485521753,75.2757348332585,Above 1800 m
2025-01-03,2025-01-10,623.0706471278969,48.470041286835865,Above 1800 m
2025-01-10,2025-01-17,430.27855949863664,33.47231913407433,Above 1800 m
2025-01-17,2025-01-24,296.69115407966706,23.080259925530644,Above 1800 m
2025-01-24,2025-01-31,345.7845522527913,26.899343760295135,Above 1800 m
2025-01-31,2025-02-07,0.0,0.0,Above 1800 m
2025-02-07,2025-02-14,1210.2950103228402,94.15152100329614,Above 1800 m
2025-02-14,2025-02-21,1068.9862250994895,83.15879861211842,Above 1800 m
2025-02-21,2025-02-28,401.4374344391851,31.22870433881106,Above 1800 m
2025-02-28,2025-03-07,924.3091074416512,71.90404620408789,Above 1800 m
2025-03-07,2025-03-14,369.40973166475186,28.73719862761258,Above 1800 m
2025-03-14,2025-03-21,193.56265027964153,15.05766592262172,Above 1800 m
2025-03-21,2025-03-28,640.5954127597074,49.83333149739463,Above 1800 m
2025-03-28,2025-04-04,61.33481463786764,4.771370648772715,Above 1800 m
2025-04-04,2025-04-11,26.588325826822917,2.0683645691134824,Above 1800 m
2025-04-11,2025-04-18,48.55267287135417,3.777019619699246,Above 1800 m
2025-04-18,2025-04-25,31.83814484960937,2.4767595817108954,Above 1800 m
2025-04-25,2025-05-02,2.2598614716145837,0.1757996133128773,Above 1800 m
2025-05-02,2025-05-09,0.0,0.0,Above 1800 m
2025-05-09,2025-05-16,0.0,0.0,Above 1800 m
2025-05-16,2025-05-23,0.0,0.0,Above 1800 m
2025-05-23,2025-05-30,0.0,0.0,Above 1800 m
