system:index,snow_km2,snow_pct,week_end,week_start,.geo
0,0,0.0,2021-10-08,2021-10-01,"{""type"":""MultiPoint"",""coordinates"":[]}"
1,0,0.0,2021-10-15,2021-10-08,"{""type"":""MultiPoint"",""coordinates"":[]}"
2,0.20685690625,0.016091855446283828,2021-10-22,2021-10-15,"{""type"":""MultiPoint"",""coordinates"":[]}"
3,0.238668400390625,0.01856654181050205,2021-10-29,2021-10-22,"{""type"":""MultiPoint"",""coordinates"":[]}"
4,0,0.0,2021-11-05,2021-10-29,"{""type"":""MultiPoint"",""coordinates"":[]}"
5,0,0.0,2021-11-12,2021-11-05,"{""type"":""MultiPoint"",""coordinates"":[]}"
6,0,0.0,2021-11-19,2021-11-12,"{""type"":""MultiPoint"",""coordinates"":[]}"
7,98.27802615497856,7.64526463777187,2021-11-26,2021-11-19,"{""type"":""MultiPoint"",""coordinates"":[]}"
8,279.10833493942926,21.712453604377856,2021-12-03,2021-11-26,"{""type"":""MultiPoint"",""coordinates"":[]}"
9,171.14756182537786,13.313946702603285,2021-12-10,2021-12-03,"{""type"":""MultiPoint"",""coordinates"":[]}"
10,610.6312520976257,47.50235328310819,2021-12-17,2021-12-10,"{""type"":""MultiPoint"",""coordinates"":[]}"
11,618.7240993517158,48.13191373879964,2021-12-24,2021-12-17,"{""type"":""MultiPoint"",""coordinates"":[]}"
12,1127.901690629657,87.74196275224232,2021-12-31,2021-12-24,"{""type"":""MultiPoint"",""coordinates"":[]}"
13,860.0074282842468,66.90187661394748,2022-01-07,2021-12-31,"{""type"":""MultiPoint"",""coordinates"":[]}"
14,550.2614696899354,42.806054622167736,2022-01-14,2022-01-07,"{""type"":""MultiPoint"",""coordinates"":[]}"
15,952.2783835409873,74.07983794383173,2022-01-21,2022-01-14,"{""type"":""MultiPoint"",""coordinates"":[]}"
16,1236.5506326577972,96.19400383321785,2022-01-28,2022-01-21,"{""type"":""MultiPoint"",""coordinates"":[]}"
17,1135.323903728462,88.31935309633427,2022-02-04,2022-01-28,"{""type"":""MultiPoint"",""coordinates"":[]}"
18,1130.1744588950828,87.91876641354204,2022-02-11,2022-02-04,"{""type"":""MultiPoint"",""coordinates"":[]}"
19,741.0387418915901,57.64703983440484,2022-02-18,2022-02-11,"{""type"":""MultiPoint"",""coordinates"":[]}"
20,854.6582657034777,66.4857534466389,2022-02-25,2022-02-18,"{""type"":""MultiPoint"",""coordinates"":[]}"
21,452.2067052637868,35.17815800721003,2022-03-04,2022-02-25,"{""type"":""MultiPoint"",""coordinates"":[]}"
22,0,0.0,2022-03-11,2022-03-04,"{""type"":""MultiPoint"",""coordinates"":[]}"
23,1226.5148887327055,95.41330115586406,2022-03-18,2022-03-11,"{""type"":""MultiPoint"",""coordinates"":[]}"
24,1.8888758572303923,0.14693982328920632,2022-03-25,2022-03-18,"{""type"":""MultiPoint"",""coordinates"":[]}"
25,948.5750108662567,73.79174440697173,2022-04-01,2022-03-25,"{""type"":""MultiPoint"",""coordinates"":[]}"
26,0,0.0,2022-04-08,2022-04-01,"{""type"":""MultiPoint"",""coordinates"":[]}"
27,315.4472173347273,24.539335496722916,2022-04-15,2022-04-08,"{""type"":""MultiPoint"",""coordinates"":[]}"
28,211.22223600312134,16.431444085774032,2022-04-22,2022-04-15,"{""type"":""MultiPoint"",""coordinates"":[]}"
29,58.280184400898705,4.533744218472413,2022-04-29,2022-04-22,"{""type"":""MultiPoint"",""coordinates"":[]}"
30,37.114141095322715,2.8871909782751826,2022-05-06,2022-04-29,"{""type"":""MultiPoint"",""coordinates"":[]}"
31,24.83908506204044,1.9322872679591894,2022-05-13,2022-05-06,"{""type"":""MultiPoint"",""coordinates"":[]}"
32,3.3722744791666663,0.2623366772118206,2022-05-20,2022-05-13,"{""type"":""MultiPoint"",""coordinates"":[]}"
33,3.9695975708333333,0.30880375931257753,2022-05-27,2022-05-20,"{""type"":""MultiPoint"",""coordinates"":[]}"
34,0.928057953125,0.07219567718668592,2022-06-03,2022-05-27,"{""type"":""MultiPoint"",""coordinates"":[]}"
35,0.05151241015625,0.004007264117748342,2022-06-10,2022-06-03,"{""type"":""MultiPoint"",""coordinates"":[]}"
36,0,0.0,2022-06-17,2022-06-10,"{""type"":""MultiPoint"",""coordinates"":[]}"
37,0,0.0,2022-06-24,2022-06-17,"{""type"":""MultiPoint"",""coordinates"":[]}"
38,0,0.0,2022-07-01,2022-06-24,"{""type"":""MultiPoint"",""coordinates"":[]}"
39,0,0.0,2022-07-08,2022-07-01,"{""type"":""MultiPoint"",""coordinates"":[]}"
40,0,0.0,2022-07-15,2022-07-08,"{""type"":""MultiPoint"",""coordinates"":[]}"
41,0,0.0,2022-07-22,2022-07-15,"{""type"":""MultiPoint"",""coordinates"":[]}"
42,0,0.0,2022-07-29,2022-07-22,"{""type"":""MultiPoint"",""coordinates"":[]}"
43,0,0.0,2022-08-05,2022-07-29,"{""type"":""MultiPoint"",""coordinates"":[]}"
44,0,0.0,2022-08-12,2022-08-05,"{""type"":""MultiPoint"",""coordinates"":[]}"
45,0,0.0,2022-08-19,2022-08-12,"{""type"":""MultiPoint"",""coordinates"":[]}"
46,0,0.0,2022-08-26,2022-08-19,"{""type"":""MultiPoint"",""coordinates"":[]}"
47,0,0.0,2022-09-02,2022-08-26,"{""type"":""MultiPoint"",""coordinates"":[]}"
48,0,0.0,2022-09-09,2022-09-02,"{""type"":""MultiPoint"",""coordinates"":[]}"
49,0,0.0,2022-09-16,2022-09-09,"{""type"":""MultiPoint"",""coordinates"":[]}"
50,0,0.0,2022-09-23,2022-09-16,"{""type"":""MultiPoint"",""coordinates"":[]}"
51,0,0.0,2022-09-30,2022-09-23,"{""type"":""MultiPoint"",""coordinates"":[]}"
52,0,0.0,2022-10-07,2022-09-30,"{""type"":""MultiPoint"",""coordinates"":[]}"
53,0,0.0,2022-10-14,2022-10-07,"{""type"":""MultiPoint"",""coordinates"":[]}"
54,0,0.0,2022-10-21,2022-10-14,"{""type"":""MultiPoint"",""coordinates"":[]}"
55,0,0.0,2022-10-28,2022-10-21,"{""type"":""MultiPoint"",""coordinates"":[]}"
56,0,0.0,2022-11-04,2022-10-28,"{""type"":""MultiPoint"",""coordinates"":[]}"
57,0,0.0,2022-11-11,2022-11-04,"{""type"":""MultiPoint"",""coordinates"":[]}"
58,28.122220389583337,2.1876896137602886,2022-11-18,2022-11-11,"{""type"":""MultiPoint"",""coordinates"":[]}"
59,0,0.0,2022-11-25,2022-11-18,"{""type"":""MultiPoint"",""coordinates"":[]}"
60,95.91738961458334,7.461625509362276,2022-12-02,2022-11-25,"{""type"":""MultiPoint"",""coordinates"":[]}"
61,58.15499404947917,4.5240053846339245,2022-12-09,2022-12-02,"{""type"":""MultiPoint"",""coordinates"":[]}"
62,76.60260611994485,5.959085857162525,2022-12-16,2022-12-09,"{""type"":""MultiPoint"",""coordinates"":[]}"
63,62.2933733058364,4.845939043908111,2022-12-23,2022-12-16,"{""type"":""MultiPoint"",""coordinates"":[]}"
64,9.386409782352942,0.7301895407575156,2022-12-30,2022-12-23,"{""type"":""MultiPoint"",""coordinates"":[]}"
65,326.51359419743187,25.400213385776922,2023-01-06,2022-12-30,"{""type"":""MultiPoint"",""coordinates"":[]}"
66,433.83474213637163,33.74896243298288,2023-01-13,2023-01-06,"{""type"":""MultiPoint"",""coordinates"":[]}"
67,2.0577394112745098,0.16007609198375794,2023-01-20,2023-01-13,"{""type"":""MultiPoint"",""coordinates"":[]}"
68,371.4280537226296,28.894208356647987,2023-01-27,2023-01-20,"{""type"":""MultiPoint"",""coordinates"":[]}"
69,37.872978127236514,2.946222586386376,2023-02-03,2023-01-27,"{""type"":""MultiPoint"",""coordinates"":[]}"
70,1096.370903706035,85.28911322219429,2023-02-10,2023-02-03,"{""type"":""MultiPoint"",""coordinates"":[]}"
71,1028.498974898131,80.00920602916453,2023-02-17,2023-02-10,"{""type"":""MultiPoint"",""coordinates"":[]}"
72,1239.527906001287,96.42561249998197,2023-02-24,2023-02-17,"{""type"":""MultiPoint"",""coordinates"":[]}"
73,873.3980100989124,67.94355953771131,2023-03-03,2023-02-24,"{""type"":""MultiPoint"",""coordinates"":[]}"
74,50.05326151807598,3.8937537236029294,2023-03-10,2023-03-03,"{""type"":""MultiPoint"",""coordinates"":[]}"
75,532.3547203596245,41.413049056339766,2023-03-17,2023-03-10,"{""type"":""MultiPoint"",""coordinates"":[]}"
76,111.42444531798408,8.66795360978844,2023-03-24,2023-03-17,"{""type"":""MultiPoint"",""coordinates"":[]}"
77,97.71558201334254,7.601510866201501,2023-03-31,2023-03-24,"{""type"":""MultiPoint"",""coordinates"":[]}"
78,249.85261228353923,19.436586346718176,2023-04-07,2023-03-31,"{""type"":""MultiPoint"",""coordinates"":[]}"
79,46.601233401041675,3.6252128348172867,2023-04-14,2023-04-07,"{""type"":""MultiPoint"",""coordinates"":[]}"
80,646.3348780323831,50.27981717283658,2023-04-21,2023-04-14,"{""type"":""MultiPoint"",""coordinates"":[]}"
81,44.73163784881026,3.479772869021979,2023-04-28,2023-04-21,"{""type"":""MultiPoint"",""coordinates"":[]}"
82,22.145002140625,1.7227086093703163,2023-05-05,2023-04-28,"{""type"":""MultiPoint"",""coordinates"":[]}"
83,22.96502181770833,1.7864997505313733,2023-05-12,2023-05-05,"{""type"":""MultiPoint"",""coordinates"":[]}"
84,11.04418679296875,0.8591516745369003,2023-05-19,2023-05-12,"{""type"":""MultiPoint"",""coordinates"":[]}"
85,3.950023622395833,0.3072810586472752,2023-05-26,2023-05-19,"{""type"":""MultiPoint"",""coordinates"":[]}"
86,1.33949021484375,0.1042019012066574,2023-06-02,2023-05-26,"{""type"":""MultiPoint"",""coordinates"":[]}"
87,0,0.0,2023-06-09,2023-06-02,"{""type"":""MultiPoint"",""coordinates"":[]}"
88,0.06883419791666666,0.005354764231546613,2023-06-16,2023-06-09,"{""type"":""MultiPoint"",""coordinates"":[]}"
89,0,0.0,2023-06-23,2023-06-16,"{""type"":""MultiPoint"",""coordinates"":[]}"
90,0,0.0,2023-06-30,2023-06-23,"{""type"":""MultiPoint"",""coordinates"":[]}"
91,0,0.0,2023-07-07,2023-06-30,"{""type"":""MultiPoint"",""coordinates"":[]}"
92,0,0.0,2023-07-14,2023-07-07,"{""type"":""MultiPoint"",""coordinates"":[]}"
93,0,0.0,2023-07-21,2023-07-14,"{""type"":""MultiPoint"",""coordinates"":[]}"
94,0,0.0,2023-07-28,2023-07-21,"{""type"":""MultiPoint"",""coordinates"":[]}"
95,0,0.0,2023-08-04,2023-07-28,"{""type"":""MultiPoint"",""coordinates"":[]}"
96,0,0.0,2023-08-11,2023-08-04,"{""type"":""MultiPoint"",""coordinates"":[]}"
97,0,0.0,2023-08-18,2023-08-11,"{""type"":""MultiPoint"",""coordinates"":[]}"
98,0,0.0,2023-08-25,2023-08-18,"{""type"":""MultiPoint"",""coordinates"":[]}"
99,0,0.0,2023-09-01,2023-08-25,"{""type"":""MultiPoint"",""coordinates"":[]}"
100,0,0.0,2023-09-08,2023-09-01,"{""type"":""MultiPoint"",""coordinates"":[]}"
101,0,0.0,2023-09-15,2023-09-08,"{""type"":""MultiPoint"",""coordinates"":[]}"
102,0,0.0,2023-09-22,2023-09-15,"{""type"":""MultiPoint"",""coordinates"":[]}"
103,0,0.0,2023-09-29,2023-09-22,"{""type"":""MultiPoint"",""coordinates"":[]}"
104,0,0.0,2023-10-06,2023-09-29,"{""type"":""MultiPoint"",""coordinates"":[]}"
105,0,0.0,2023-10-13,2023-10-06,"{""type"":""MultiPoint"",""coordinates"":[]}"
106,0,0.0,2023-10-20,2023-10-13,"{""type"":""MultiPoint"",""coordinates"":[]}"
107,0,0.0,2023-10-27,2023-10-20,"{""type"":""MultiPoint"",""coordinates"":[]}"
108,0,0.0,2023-11-03,2023-10-27,"{""type"":""MultiPoint"",""coordinates"":[]}"
109,0,0.0,2023-11-10,2023-11-03,"{""type"":""MultiPoint"",""coordinates"":[]}"
110,0.41207765625,0.03205643068549197,2023-11-17,2023-11-10,"{""type"":""MultiPoint"",""coordinates"":[]}"
111,380.86035503348654,29.62796790072946,2023-11-24,2023-11-17,"{""type"":""MultiPoint"",""coordinates"":[]}"
112,26.78147505729167,2.083390074196246,2023-12-01,2023-11-24,"{""type"":""MultiPoint"",""coordinates"":[]}"
113,193.08456395449053,15.020474531845156,2023-12-08,2023-12-01,"{""type"":""MultiPoint"",""coordinates"":[]}"
114,13.763735934895832,1.0707114066449783,2023-12-15,2023-12-08,"{""type"":""MultiPoint"",""coordinates"":[]}"
115,0,0.0,2023-12-22,2023-12-15,"{""type"":""MultiPoint"",""coordinates"":[]}"
116,485.54912572596515,37.77193851003813,2023-12-29,2023-12-22,"{""type"":""MultiPoint"",""coordinates"":[]}"
117,67.14905855661765,5.223673520192848,2024-01-05,2023-12-29,"{""type"":""MultiPoint"",""coordinates"":[]}"
118,7.208751234375,0.5607846743660877,2024-01-12,2024-01-05,"{""type"":""MultiPoint"",""coordinates"":[]}"
119,371.45109237334555,28.89600058415307,2024-01-19,2024-01-12,"{""type"":""MultiPoint"",""coordinates"":[]}"
120,992.9547340558312,77.24414105767686,2024-01-26,2024-01-19,"{""type"":""MultiPoint"",""coordinates"":[]}"
121,4.612856289828432,0.3588442752822049,2024-02-02,2024-01-26,"{""type"":""MultiPoint"",""coordinates"":[]}"
122,98.1852144838848,7.638044612963206,2024-02-09,2024-02-02,"{""type"":""MultiPoint"",""coordinates"":[]}"
123,1063.5975309945313,82.73960020026347,2024-02-16,2024-02-09,"{""type"":""MultiPoint"",""coordinates"":[]}"
124,135.7330911615809,10.558976839814477,2024-02-23,2024-02-16,"{""type"":""MultiPoint"",""coordinates"":[]}"
125,728.7149405712776,56.688344120588475,2024-03-01,2024-02-23,"{""type"":""MultiPoint"",""coordinates"":[]}"
126,670.3644152567402,52.14912792714189,2024-03-08,2024-03-01,"{""type"":""MultiPoint"",""coordinates"":[]}"
127,533.0201205579043,41.46481200686803,2024-03-15,2024-03-08,"{""type"":""MultiPoint"",""coordinates"":[]}"
128,47.08899038226103,3.6631565272807705,2024-03-22,2024-03-15,"{""type"":""MultiPoint"",""coordinates"":[]}"
129,242.66611130468746,18.877532568854477,2024-03-29,2024-03-22,"{""type"":""MultiPoint"",""coordinates"":[]}"
130,252.32762965863168,19.629123412794637,2024-04-05,2024-03-29,"{""type"":""MultiPoint"",""coordinates"":[]}"
131,0,0.0,2024-04-12,2024-04-05,"{""type"":""MultiPoint"",""coordinates"":[]}"
132,21.30470054943321,1.6573396933313305,2024-04-19,2024-04-12,"{""type"":""MultiPoint"",""coordinates"":[]}"
133,68.58587717902844,5.335446813110705,2024-04-26,2024-04-19,"{""type"":""MultiPoint"",""coordinates"":[]}"
134,26.579700322916672,2.0676935721207936,2024-05-03,2024-04-26,"{""type"":""MultiPoint"",""coordinates"":[]}"
135,23.74263621382068,1.8469920912611828,2024-05-10,2024-05-03,"{""type"":""MultiPoint"",""coordinates"":[]}"
136,18.4199722421875,1.4329303092622359,2024-05-17,2024-05-10,"{""type"":""MultiPoint"",""coordinates"":[]}"
137,4.1746470703125,0.3247550125956746,2024-05-24,2024-05-17,"{""type"":""MultiPoint"",""coordinates"":[]}"
138,0.7338091792410715,0.057084636194028454,2024-05-31,2024-05-24,"{""type"":""MultiPoint"",""coordinates"":[]}"
139,0,0.0,2024-06-07,2024-05-31,"{""type"":""MultiPoint"",""coordinates"":[]}"
140,0,0.0,2024-06-14,2024-06-07,"{""type"":""MultiPoint"",""coordinates"":[]}"
141,0,0.0,2024-06-21,2024-06-14,"{""type"":""MultiPoint"",""coordinates"":[]}"
142,0,0.0,2024-06-28,2024-06-21,"{""type"":""MultiPoint"",""coordinates"":[]}"
143,0,0.0,2024-07-05,2024-06-28,"{""type"":""MultiPoint"",""coordinates"":[]}"
144,0,0.0,2024-07-12,2024-07-05,"{""type"":""MultiPoint"",""coordinates"":[]}"
145,0,0.0,2024-07-19,2024-07-12,"{""type"":""MultiPoint"",""coordinates"":[]}"
146,0,0.0,2024-07-26,2024-07-19,"{""type"":""MultiPoint"",""coordinates"":[]}"
147,0,0.0,2024-08-02,2024-07-26,"{""type"":""MultiPoint"",""coordinates"":[]}"
148,0,0.0,2024-08-09,2024-08-02,"{""type"":""MultiPoint"",""coordinates"":[]}"
149,0,0.0,2024-08-16,2024-08-09,"{""type"":""MultiPoint"",""coordinates"":[]}"
150,0,0.0,2024-08-23,2024-08-16,"{""type"":""MultiPoint"",""coordinates"":[]}"
151,0,0.0,2024-08-30,2024-08-23,"{""type"":""MultiPoint"",""coordinates"":[]}"
152,0,0.0,2024-09-06,2024-08-30,"{""type"":""MultiPoint"",""coordinates"":[]}"
153,0,0.0,2024-09-13,2024-09-06,"{""type"":""MultiPoint"",""coordinates"":[]}"
154,0,0.0,2024-09-20,2024-09-13,"{""type"":""MultiPoint"",""coordinates"":[]}"
155,0,0.0,2024-09-27,2024-09-20,"{""type"":""MultiPoint"",""coordinates"":[]}"
156,0,0.0,2024-10-04,2024-09-27,"{""type"":""MultiPoint"",""coordinates"":[]}"
157,0,0.0,2024-10-11,2024-10-04,"{""type"":""MultiPoint"",""coordinates"":[]}"
158,0,0.0,2024-10-18,2024-10-11,"{""type"":""MultiPoint"",""coordinates"":[]}"
159,0,0.0,2024-10-25,2024-10-18,"{""type"":""MultiPoint"",""coordinates"":[]}"
160,0,0.0,2024-11-01,2024-10-25,"{""type"":""MultiPoint"",""coordinates"":[]}"
161,0.9273504296875,0.07214063737637691,2024-11-08,2024-11-01,"{""type"":""MultiPoint"",""coordinates"":[]}"
162,0,0.0,2024-11-15,2024-11-08,"{""type"":""MultiPoint"",""coordinates"":[]}"
163,53.869679904534685,4.190641335966286,2024-11-22,2024-11-15,"{""type"":""MultiPoint"",""coordinates"":[]}"
164,41.88165958011642,3.25806676717472,2024-11-29,2024-11-22,"{""type"":""MultiPoint"",""coordinates"":[]}"
165,217.6033034945491,16.9278414143744,2024-12-06,2024-11-29,"{""type"":""MultiPoint"",""coordinates"":[]}"
166,55.82933721283701,4.343087404609231,2024-12-13,2024-12-06,"{""type"":""MultiPoint"",""coordinates"":[]}"
167,57.85259047455576,4.500480742878789,2024-12-20,2024-12-13,"{""type"":""MultiPoint"",""coordinates"":[]}"
168,162.40337269091089,12.633716923971914,2024-12-27,2024-12-20,"{""type"":""MultiPoint"",""coordinates"":[]}"
169,967.6513485521753,75.2757348332585,2025-01-03,2024-12-27,"{""type"":""MultiPoint"",""coordinates"":[]}"
170,623.0706471278969,48.470041286835865,2025-01-10,2025-01-03,"{""type"":""MultiPoint"",""coordinates"":[]}"
171,430.27855949863664,33.47231913407433,2025-01-17,2025-01-10,"{""type"":""MultiPoint"",""coordinates"":[]}"
172,296.69115407966706,23.080259925530644,2025-01-24,2025-01-17,"{""type"":""MultiPoint"",""coordinates"":[]}"
173,345.7845522527913,26.899343760295135,2025-01-31,2025-01-24,"{""type"":""MultiPoint"",""coordinates"":[]}"
174,0,0.0,2025-02-07,2025-01-31,"{""type"":""MultiPoint"",""coordinates"":[]}"
175,1210.2950103228402,94.15152100329614,2025-02-14,2025-02-07,"{""type"":""MultiPoint"",""coordinates"":[]}"
176,1068.9862250994895,83.15879861211842,2025-02-21,2025-02-14,"{""type"":""MultiPoint"",""coordinates"":[]}"
177,401.4374344391851,31.22870433881106,2025-02-28,2025-02-21,"{""type"":""MultiPoint"",""coordinates"":[]}"
178,924.3091074416512,71.90404620408789,2025-03-07,2025-02-28,"{""type"":""MultiPoint"",""coordinates"":[]}"
179,369.40973166475186,28.73719862761258,2025-03-14,2025-03-07,"{""type"":""MultiPoint"",""coordinates"":[]}"
180,193.56265027964153,15.057665922621721,2025-03-21,2025-03-14,"{""type"":""MultiPoint"",""coordinates"":[]}"
181,640.5954127597074,49.83333149739463,2025-03-28,2025-03-21,"{""type"":""MultiPoint"",""coordinates"":[]}"
182,61.33481463786764,4.771370648772715,2025-04-04,2025-03-28,"{""type"":""MultiPoint"",""coordinates"":[]}"
183,26.588325826822917,2.0683645691134824,2025-04-11,2025-04-04,"{""type"":""MultiPoint"",""coordinates"":[]}"
184,48.55267287135417,3.777019619699246,2025-04-18,2025-04-11,"{""type"":""MultiPoint"",""coordinates"":[]}"
185,31.83814484960937,2.4767595817108954,2025-04-25,2025-04-18,"{""type"":""MultiPoint"",""coordinates"":[]}"
186,2.2598614716145837,0.17579961331287736,2025-05-02,2025-04-25,"{""type"":""MultiPoint"",""coordinates"":[]}"
187,0,0.0,2025-05-09,2025-05-02,"{""type"":""MultiPoint"",""coordinates"":[]}"
188,0,0.0,2025-05-16,2025-05-09,"{""type"":""MultiPoint"",""coordinates"":[]}"
189,0,0.0,2025-05-23,2025-05-16,"{""type"":""MultiPoint"",""coordinates"":[]}"
190,0,0.0,2025-05-30,2025-05-23,"{""type"":""MultiPoint"",""coordinates"":[]}"
